movie_name,movie_type,movie_date,movie_context,movie_pic,movie_trailer
魔鬼剋星：未來世,動作，冒險，驚悚，懸疑，喜劇，,2021-12-31,"抓鬼始祖回歸！《魔鬼剋星未來世》2020年夏天重磅登場《蟻人》保羅路德攜《怪奇物與》天才童星芬恩伍法德再戰經典唯一正宗續集《魔鬼剋星未來世》完美承接系列宏偉世界觀由《型男飛行日誌》金獎編導傑森瑞特曼，聯手《魔鬼剋星》系列幕後推手伊凡瑞特曼，打造全新正宗續集《魔鬼剋星未來世》。在全新的《魔鬼剋星未來世》中，電影將圍繞在靠著以《怪奇物語》系列，在全球打開知名度的超級童星芬恩沃夫哈德為首的年輕世代們；一位單身母親帶著他的兩個孩子來到傳說中的神祕小鎮，究竟在《蟻人》保羅路德的帶領之下，他們是否能成功隨著線索，並沿著他們祖父所留下的魔鬼剋星傳奇裝備與車輛，接手這個經典不敗但卻失傳已久的的抓鬼大業呢？",https://movies.yahoo.com.tw/i/o/production/movies/December2021/R27jziEE21iQ1pRdQ2od-1920x2740.jpg,https://movies.yahoo.com.tw/video/%E9%AD%94%E9%AC%BC%E5%89%8B%E6%98%9F-%E6%9C%AA%E4%BE%86%E4%B8%96-%E5%9C%8B%E9%9A%9B%E7%89%88%E9%A0%90%E5%91%8A-144047823.html?movie_id=10415
阿達一族2,動畫，冒險，喜劇，,2021-12-30,大家最喜歡的恐怖家庭，在全新動畫喜劇續集電影《阿達一族2》再度回歸。在這部全新動畫片中，我們可以發現高魔子和魔帝女對於小孩子漸漸長大而感到心煩意亂，不參加家庭聚餐，並完全沉浸在“尖叫時間”中。為了找回和他們的連結，他們決定把星期三、普斯利、肥斯特伯伯和其他家庭成員一起塞進他們鬧鬼的露營車，然後出發去度過最後一個悲慘的家庭假期。橫跨美國的冒險迫使他們離開熟悉的環境，還遇到了他們非常特別的表哥伊特，以及許多新的古怪角色。還有什麼可能會出錯？,https://movies.yahoo.com.tw/i/o/production/movies/December2021/G0dbRr5E7KGdWGS2yyff-1920x2769.jpg,https://movies.yahoo.com.tw/video/%E9%98%BF%E9%81%94-%E6%97%8F2-%E4%B8%AD%E6%96%87%E9%85%8D%E9%9F%B3%E6%98%8E%E6%98%9F%E8%8A%B1%E7%B5%AE-032712663.html?movie_id=11512
緣來大飯店,愛情，喜劇，,2021-12-30,"《我的野蠻女友》導演郭在容睽違5年再以浪漫愛情劇回歸大銀幕《萬惡新世界》《南山的部長們》製作團隊打造浪漫愛情作人氣韓星韓志旼×李棟旭×姜河那×林潤妸×元真兒×金英光×徐康俊×李光洙×李陣郁×李奎炯華麗共演猶豫著第15年告白的你；擁有他人夢想中的生活，卻仍孤單寂寞的你；每件事都無法如願以償的你；漫長等待下終於圓夢的你，以及在旁守護著的你；睽違40年遇見初戀的你；等待全新緣分的你……埃姆羅斯大飯店等待大家的光臨！",https://movies.yahoo.com.tw/i/o/production/movies/December2021/xzZfnUBPCMw8hyturM8z-1080x1542.JPG,https://movies.yahoo.com.tw/video/%E7%B7%A3%E4%BE%86%E5%A4%A7%E9%A3%AF%E5%BA%97-%E8%A7%92%E8%89%B2%E4%BB%8B%E7%B4%B9%E8%8A%B1%E7%B5%AE-080814542.html?movie_id=11758
鈦,劇情，驚悚，懸疑，,2021-12-30,"2021年坎城影展金棕櫚獎2021年歐洲電影獎最佳影片、最佳導演、最佳男主角、最佳女主角等五項大獎2021年多倫多影展午夜單元觀眾票選獎2022年法國奧斯卡最佳國際影片代表《肉獄》法國新銳導演茱莉亞迪克諾驚世駭俗力作坎城影帝文森林頓x國際名模阿加斯羅素傾力演出奧斯卡最佳影片《寄生上流》北美發行公司NEON火速搶下發行權鈦，一種耐高溫、抗腐蝕、強度高、延展佳的稀有金屬，但當它與人體合一，卻會觸發不可收拾的瘋狂異變。一名資深消防員父親，意外找回失蹤超過十年的兒子，而毫無消息的他，其真實身分卻讓這位父親陷入更危險的深淵之中。法國新銳導演茱莉亞迪克諾繼《肉獄》後再推爭議新作，以激進前衛的懾人影像探觸身體和性別政治，雜揉女性與酷兒視角，驚世駭俗又性感張狂，寫下肉體恐怖類型新篇章。坎城影帝文森林頓聯手國際名模阿加斯羅素互相飆戲，首度大銀幕演出的阿加斯羅素毫無膽怯，在戲裡與文森林頓有著相愛相殺的關係，兩人演技旗鼓相當，可男可女的她被譽為歐洲影壇不可多得的超級新人。此片在坎城影展首映時隨即轟動全場，不僅勇奪最終大獎，茱莉亞迪克諾更成為繼澳洲導演珍康萍後，影史上第二位獲得金棕櫚獎的女導演。",https://movies.yahoo.com.tw/i/o/production/movies/December2021/J493IlBhgrO1UntMnyga-1080x1543.jpg,https://movies.yahoo.com.tw/video/%E9%88%A6-%E4%B8%AD%E6%96%87%E9%A0%90%E5%91%8A-155905238.html?movie_id=11890
劇場版信號 長期未解決事件搜查班,劇情，犯罪，驚悚，懸疑，,2021-12-30,"「鹽臉帥哥」坂口健太郎首部主演日劇《信號》登上大銀幕！改編自韓國人氣刑偵劇《Signal信號》人氣韓團BTS防彈少年團與日本樂團backnumber攜手打造超強主題曲！改變過去，拯救未來！僅靠一臺無線電聯繫，”現在“與”過去“的刑警共同挑戰未解懸案2021年東京，在高速公路上發生租賃車暴衝事件，導致政府高官意外身亡。三枝（坂口健太郎飾）等人所屬的長期未解決事件搜查班，懷疑這場意外可能是人為設計造成。其實在2009年，東京就發生過政府官員相繼因車禍死亡的意外，警察判定為意外事故，大山（北村一輝飾）卻懷疑這一連串事件另有陰謀。23點23分，不可能聯繫上的無線電再次響了起來…。",https://movies.yahoo.com.tw/i/o/production/movies/December2021/wyYk6kORVFuTTXqwdOdS-1080x1542.jpg,https://movies.yahoo.com.tw/video/%E5%8A%87%E5%A0%B4%E7%89%88%E4%BF%A1%E8%99%9F-%E9%95%B7%E6%9C%9F%E6%9C%AA%E8%A7%A3%E6%B1%BA%E4%BA%8B%E4%BB%B6%E6%90%9C%E6%9F%A5%E7%8F%AD-%E4%B8%AD%E6%96%87%E9%A0%90%E5%91%8A-160312422.html?movie_id=11912
騎趣環世界,紀錄片，,2021-12-30,"精采動人的騎機車公路冒險電影！美洲和非洲精采風景盡收眼底讓流浪的靈魂得以安放！見證野生動物及非洲大陸遼闊美景，壯麗日落「有史以來最偉大的摩托車電影之一」-洛杉磯時報一對夫妻，橫跨十萬公里＝最精采冒險摩托車旅行電影一對情侶橫跨十萬公里美洲和非洲 經歷野象狂追戰亂暴動份子精采冒險之旅一對情侶雙人一起駕駛BMW重機追夢，完成漫長的美洲之旅，無時無刻、隨時號召同好者加入伴騎，從北美的阿拉斯加到阿根廷最南端，甚至橫跨非洲大陸…。一起踏上一段橫越整個美國的公路之旅，恣意品嚐流浪和自由的滋味，揭開一場又一場貫穿美洲及非洲大陸的壯闊旅程。行過都市、草原、高山、大河、深雪，儘管一路上險阻不斷，爭執難免，樂天浪漫的倆人，仍被這前所未見的無邊際景致深深感動，隨著旅程，他們目睹並體驗了大自然以及各個土地的樣貌，以及人世間永無止息的生、老、病、死，都搖撼兩人的靈魂…。【關於電影】電影《騎趣環世界》用驚人的鏡頭記述他們的旅程，與人相遇、挑戰、抓住機運、敬畏天的時刻、還有一些突如其來妙的偶發事件，旅途中冒險家永遠在學習，挑戰，渡險和在歡笑間求取平衡，抓住旅行精髓。最令人印象深刻的是，數千小時的旅行影像巧妙地剪接在一起，讓觀眾有親臨其境的感覺。踏上令人難以置信的艱難旅途，沿途遇到許多貴人相助，有歡笑有淚水。而且每當成功時都會一起慶祝。當抵達世界的盡頭烏斯懷亞時，導演兼男主角於片尾對觀眾提出「下一站是哪裡？」的疑問，他解惑道：「我們還沒到那裡，但它在我們的名單上」。下一秒即現身在非洲旅行。在倉促決定的非洲之旅時，因耗盡資金、遭遇眾多挑戰，一路上需要打工賺錢支出生活費和換取旅費，而這種作法同時也提醒騎士們把握當下，可以一面工作一面旅行體驗生活。捕捉最真實的和令人著迷，洞悉如何環遊世界的故事-它的故事敘述處於最佳狀態，您不會失望。《騎趣環世界》是一部真正冒險的美麗摩托車旅行影片。導演身兼男主角丹尼爾林治（DanielRintz）和他的靈魂伴侶約瑟芬弗洛（JosephineJoeyFlohr）共同創造了一場極為傑出的冒險電影。導演2014年的前作《明天去哪裡》（SomewhereElseTomorrow）已經在全世界各大影展屢獲殊榮。正如他第一部電影中所講述的那樣，一開始他只是想環遊歐亞，隨便走走，當時根本不知道可以從哪獲得資源。仍抱持著開闊胸懷，願意嘗試一切，也確實辦到了他當初所期望的目標，在旅程中，而且遇到這位旅伴「喬伊」後來也是她此生的靈魂伴侶，兩人不畏懼艱困，在續勇闖旅途的夢想「環遊世界」從北美洲的阿拉斯加到阿根廷最南端世界的盡頭…，跨越非洲大陸…，喬伊駕駛BMWR80GS重機和丹尼爾騎R1200GS，他們必先到達阿拉斯加會合，有一些車手中途宣布放棄並回家。由於兩人的足智多謀，還是有世界各地的摩托車手共襄盛舉，和友善車友幫助，旅途中發生的各種問題也隨之迎刃而解，他們的旅程沿途遇到許多人，也遇到挑戰、抓住機會，冒險者在學習及危險和歡笑之間達到很好的平衡，電影完整捕捉長途冒險旅行者的精髓，是如何每分每秒，24小時共度每一天，一起完成艱困的長途旅行。最令人印象深刻的是，成功將數千小時影片巧妙地剪接在一起，讓觀眾可以身歷其境，並與其一同體驗在旅途中遭遇每個決定的喜怒哀樂，最後抵達目標的成功喜悅淚水，當他們到達烏斯懷亞並再次面對旅行者的「下一步是什麼？」這是一個重大決策，因為當時它們再次幾乎用光了資金。正當他們決定繼續再度挑戰非洲大陸時更是一項巨大挑戰，丹尼爾和喬伊的電影捕捉了一個真實、極其現實的和令人著迷的洞悉世界的故事。《騎趣環世界》捕捉了美洲和非洲精采風景盡收眼底，發生中的旅行紀實，絕對會是你此生看過最精采動人騎機車的公路冒險電影！ ",https://movies.yahoo.com.tw/i/o/production/movies/December2021/dSuCKHb4jRpF9qpi6jqf-1080x1539.jpg,https://movies.yahoo.com.tw/video/%E9%A8%8E%E8%B6%A3%E7%92%B0%E4%B8%96%E7%95%8C-%E4%B8%AD%E6%96%87%E9%A0%90%E5%91%8A-141851938.html?movie_id=11937
金牌特務：金士曼起源,動作，冒險，喜劇，,2021-12-30,當史上最殘暴的暴君與犯罪主謀齊聚一堂，密謀策劃一場足以讓世上數百萬人斷命的血腥戰爭時，一位偉大的紳士挺身而出，憑藉著他兒子的幫助、可靠的助手，以及風格極致的裝備，他們將分秒必爭地阻止這場悲劇發生，而這就是「金牌特務」的誕生。全球期待的《金牌特務：金士曼起源》將在2021年12月30日強勢回歸，新作由一手打造《金牌特務》的王牌名導馬修范恩不假他人之手，親自擔崗執導，帶領大家探索偉大的「金士曼」首個獨立情報機構的起源。,https://movies.yahoo.com.tw/i/o/production/movies/December2021/Isok98Nu0ZUcRCHSUkQV-514x700.jpg,https://movies.yahoo.com.tw/video/%E9%87%91%E7%89%8C%E7%89%B9%E5%8B%99-%E9%87%91%E5%A3%AB%E6%9B%BC%E8%B5%B7%E6%BA%90-%E6%9C%80%E6%96%B0%E9%A0%90%E5%91%8A-144346088.html?movie_id=11952
麥特與麥斯,愛情，劇情，,2021-12-30,「這部電影不是關於同志，而是生活；對我而言，這也不是同志愛情故事，就是愛情。」—札維耶多藍一群年輕氣盛的男孩相約出遊，興高采烈地來到好友的湖邊小屋，卻意外被屋主煩人的妹妹纏上，拜託他們協助拍攝自己的短片作業。她找了麥特與麥斯，這對從小一起長大的好哥們參與演出，卻忘了提及劇本中所安排的吻戲橋段。沒想到這天外飛來的一吻，竟悄悄鬆動了一切：麥特與女友之間的關係、麥斯即將展開的遠行，也讓這段維繫多年的兄弟情誼，變得曖昧而複雜了起來。青春總是充滿疑問，而我們終將帶著這些酸甜苦澀展開人生的旅程。《麥特與麥斯》是加拿大天才導演札維耶多藍繼《湯姆在農莊》後，再度自編、自導、自演深情虐心的愛情故事與青春剪影。更是多藍繼前作《不過就是世界末日》後，睽違五年再次與台灣影迷見面。此次同樣邀請強大卡司參與演出，除了有《聽媽媽的話》、《親愛媽咪》等片中與多藍多次合作的女演員安妮杜爾瓦勒繼續擔綱母親角色外，更有因演出《浪蕩沙灘》人氣暴漲而接演《金牌特務：金士曼起源》的英國帥氣男星哈里斯迪金森同框飆演技。,https://movies.yahoo.com.tw/i/o/production/movies/December2021/5Zv4CwFvj5CdyDOuxisW-1080x1542.jpg,https://movies.yahoo.com.tw/video/%E9%BA%A5%E7%89%B9%E8%88%87%E9%BA%A5%E6%96%AF-%E6%AD%A3%E5%BC%8F%E9%A0%90%E5%91%8A-122820356.html?movie_id=11977
一杯熱奶茶的等待,愛情，劇情，,2021-12-24,《一杯熱奶茶的等待》劇情描述在寒流來襲的冬夜，二月十四日情人節，女孩不忍心癡情男孩徹夜等待情人，於是遞上一杯溫暖的熱奶茶，就此串聯起一群青春男女在愛情與友情的癡心等待…,https://movies.yahoo.com.tw/i/o/production/movies/October2021/mtIpI8rGHjdnqKuirvCt-1080x1543.jpg,https://movies.yahoo.com.tw/video/%E6%9D%AF%E7%86%B1%E5%A5%B6%E8%8C%B6%E7%9A%84%E7%AD%89%E5%BE%85-%E6%AD%A3%E5%BC%8F%E9%A0%90%E5%91%8A-132558324.html?movie_id=11601
四季拉麵物語,紀錄片，,2021-12-24,"簡單一碗拉麵，就能讓你的人生再度翻新位於東京人來人往街道的老牌拉麵店備前亭，四十年的歲月提供無數東京饕客身心靈的滿足與慰藉。這裡不僅提供美好的餐點，也是許多寂寞人聚集的所在。有人在這裡找到童年的味道，有人在此處遇到終身的伴侶，有人在這小小的空間得到無比溫暖的陪伴與鼓勵。燈火通明的小店，在植田老闆夫婦的熱情款待下，彷彿成了都市寂寞人的重要歸宿。從岡山來到東京，透過看書自學，到成為獨當一面撐起一間拉麵店的老闆，多年來，植田正基與妻子和子守著小小的店面，除了研發出獨門醬油、鹽味、辣味噌口味的拉麵，隨著四季更迭，植田老闆也利用休假日，跟著老顧客們一同走進日本各地田野，親手摘取新鮮當季食材，不僅將這些食材與拉麵完美結合，也端出了以現採春筍煮成的竹筍飯、夏季的比目魚生魚片、秋天的山藥泥拌飯、冬日加上年糕的招牌拉麵等別具巧思的時節料理，讓顧客透過味蕾，感受四季的美好光景。【關於電影】美國導演的拉麵之旅，一場跨文化的美好饗宴《四季拉麵物語》以位在東京飯田橋的老牌拉麵店「備前亭」為主角，這間日式風味十足的小店，店面不大、沒有華麗的裝潢，主要員工只有老闆植田正基和其妻子和子。超過四十年的開店歲月，夫妻二人一大清早便開始備料、熬煮湯頭，然後準備等待客人上門。這一切看似平凡到不能再平凡的日常，在美國導演約翰達斯巴哈的鏡頭記錄下，卻顯得格外興味十足。特別是鏡頭跟著植田老闆每一個俐落的動作，聚焦他每一個認真專注的眼神，每個細節都讓人實實在在地感受到日本職人「一輩子就做好一件事」的敬業精神。面對這樣的文化洗禮，導演約翰達斯巴哈表示，自己第一次拜訪便深深被這間小店的氣氛迷住了，在這裡能感受到時光倒流，回到了昭和時代的日本，那存在於小津安二郎、黑澤明經典電影中的復古情懷，彷彿被活生生重現在現實生活中，而整個空間陳設，搭配上眾人一邊喧鬧一邊大口吃拉麵的模樣，也讓人聯想到伊丹十三的《蒲公英》。導演約翰達斯巴哈表示：「我希望透過這部電影，讓觀眾就算無法立刻親口品嚐備前亭拉麵的滋味，也能體驗到我所感受的美好！」東京饕客的心靈避風港，擁抱四季的幸福滋味全片除了深度訪問植田老闆夫婦，聽他們談起年輕時因緣際會的相識、相戀、結婚、失意、浪子回頭、成功創業等往事；也找來了多位被植田老闆征服味蕾的饕客現身說法。畢竟，身處在全日本最熱鬧的東京，隨處可見比備前亭更奢華、更新穎、口味更多元的拉麵店，那究竟是什麼，讓他們多年來始終對這小小的店面流連忘返呢？這群忠實老饕中，有退休人士、忙碌上班族、獨居OL、知名獨立樂團樂手、外國留學生，走進備前亭的他們，彷彿回到舒適的家。植田老闆總是記得每個人的名字和喜歡吃的餐點，每當他們毫無防備地說起工作的煩惱、人生的瓶頸，植田老闆總是一邊煮麵，一邊給予真誠的陪伴，讓他們從身到心都溫暖了起來。到了假日店休，植田老闆更會相揪這群常客們一起上山下海，春天挖竹筍、夏天採梨子、秋天掘山藥、冬天搗麻糬，甚至還會跑到千葉海岸附近釣比目魚。而跟著他們一行人紀錄一切的導演約翰也笑稱，拍攝期間自己也是不斷被植田老闆餵食，拍完整部電影，彷彿嘗盡了四季的美好滋味。 ",https://movies.yahoo.com.tw/i/o/production/movies/November2021/PvHhwHHQzRRtrJ7UspB8-1080x1527.jpg,https://movies.yahoo.com.tw/video/%E5%9B%9B%E5%AD%A3%E6%8B%89%E9%BA%B5%E7%89%A9%E8%AA%9E-%E4%B8%AD%E6%96%87%E9%A0%90%E5%91%8A-093127305.html?movie_id=11630
不想一個人,愛情，劇情，,2021-12-24,阿龍（范少勳飾）在五光十色的酒店街靠代駕、接送傳播妹討生活，他的工作離不開金錢、慾望與凶險；乃文（莫允雯飾）的外貌與工作能力出眾，是富商的祕密情人，富商病危住院中，她卻完全見不到愛人。當皮條客阿龍遇上藝廊經理乃文，孤獨的兩人搭上彼此，每一次激情都是對現實的逃避：阿龍有青梅竹馬的金莎（温貞菱飾）要照顧，乃文也得決定肚子裡的孩子何去何從。上床不是交往，身處不同世界的他們，在階級與愛情的食物鏈裡交織又交錯。莫允雯和范少勳演出突破尺度，温貞菱的奔放不羈更是搶戲亮點。,https://movies.yahoo.com.tw/i/o/production/movies/December2021/vLHD83GANi8IpiaLWjwn-1080x1509.jpg,https://movies.yahoo.com.tw/video/%E4%B8%8D%E6%83%B3-%E5%80%8B%E4%BA%BA-%E6%AD%A3%E5%BC%8F%E9%A0%90%E5%91%8A-151109870.html?movie_id=11804
殲獄行動,動作，,2021-12-24,"《紅翼行動》《2槍斃命》製片打造全新動作鉅獻《葉問4》英國武打巨星史考特艾金斯、《狙擊生死線》人氣男星雷恩菲利浦火爆動作新片全片96分鐘一鏡到底，身歷其境的槍戰肉搏，讓你熱血沸騰！一支隸屬海豹部隊的菁英小隊奉命執行一項秘密任務，要將一名關在CIA秘密監獄的囚犯轉移至其他地點。沒想到在任務途中，一群叛軍襲擊了這座監獄，並試圖劫走該名囚犯，受困監獄的這支菁英小隊必須想辦法殺出血路完成任務……。",https://movies.yahoo.com.tw/i/o/production/movies/November2021/VQQSt5V6twe0Xw9uJtua-1080x1543.jpg,https://movies.yahoo.com.tw/video/%E6%AE%B2%E7%8D%84%E8%A1%8C%E5%8B%95-%E4%B8%AD%E6%96%87%E9%A0%90%E5%91%8A-090214922.html?movie_id=11826
2gether電影版：只因我們天生一對,愛情，,2021-12-24,"全球突破8.21億觀看紀錄！超人氣BL神劇《只因我們天生一對》電影版強勢登台！ 泰劇顏值天花版、史上最帥男男CP「BrightWin」獨佔大銀幕，2021聖誕合體撒糖！電影版預告24小時內點擊率衝破百萬，泰國上映首周勇奪新片冠軍！風靡全亞洲的超強粉絲力，泰國、日本、香港電影版一票難求，場場秒殺售罊！榮獲2021年第14屆國際東京戲劇節「海外作品特別賞」！再這樣盯著我，小心我親暈你！大一新生Tine（Win飾演）被一名男同學瘋狂追求，用盡全力也無法擺脫他，無計可施之下Tine與朋友們突發奇想，決定找上全校最帥的校草Sarawat（Bright飾演）來扮演他的「假男友」，好讓纏人的追求者知難而退。在Tine的努力不懈之下，高冷的Sarawat終於答應了，隨著相處兩人關係竟日漸曖昧，而Tine也不知不覺地陷入Sarawat的霸道攻勢裡…",https://movies.yahoo.com.tw/i/o/production/movies/December2021/d7h5y166ck02UkZ7sfJp-1080x1537.jpg,https://movies.yahoo.com.tw/video/2gether-%E5%8F%AA%E5%9B%A0%E6%88%91%E5%80%91%E5%A4%A9%E7%94%9F-%E5%B0%8D-%E4%B8%AD%E6%96%87%E9%A0%90%E5%91%8A-140252649.html?movie_id=11900
噩兆,恐怖，驚悚，懸疑，,2021-12-24,女大學生林美善參加貢寮海洋音樂祭後失蹤，她的爸爸尋女多日未果後，決定求助於超自然力量，一組專題記者計畫從旁紀錄整個過程，卻發現失蹤案的真相遠比他們想像的還要駭人……,https://movies.yahoo.com.tw/i/o/production/movies/December2021/tCnEOed6pv9zee0Klhjy-1280x1829.jpg,https://movies.yahoo.com.tw/video/%E5%99%A9%E5%85%86-%E6%AD%A3%E5%BC%8F%E9%A0%90%E5%91%8A-142137345.html?movie_id=11911
引言,劇情，,2021-12-24,"2021柏林影展最佳劇本獎”亞洲伍迪艾倫”南韓名導洪常秀繼《逃亡的女人》後電影美學世界觀再升級，再度聯手”謬思女神”金珉禧及固定班底，細膩詮釋出走男子的掙扎心境媲美《夢想之地》成為今年國際影壇南韓電影話題作！上次談在愛情裡出走的堅毅女性，這次改聊心境細膩的敏感男性電影特別在德國柏林取景，除了擅長的愛情題材，這次在片中亦刻劃了父子、母女和母子等親情關係，並節制使用招牌式的鏡頭變焦，僅透過黑白攝影更具巧思地首次呈現在感情中受傷的年輕男子心思三段敘事、細膩男子、蕩心時刻，愛情也可以讓男人心醉心碎…年輕演員英浩前往父親經營的診所，正逢父親幫一位男演員看診，他靜靜在外頭等候。朱苑為了學習服裝設計遠赴柏林，在母親的安排下住進了一位韓國藝術家的住所。為了一解相思，英浩飛往柏林，只為見朱苑一面，兩人興奮地思考如何一起待在德國。回到韓國，英浩的母親兜了一場飯局，要介紹他給一位前輩，原來前輩正是那天在診所擦身而過的男演員，他酒酣耳熱之際竟訓斥起英浩戲劇與生活的界線拿捏，鬱悶的英浩跑到海邊，沉睡中夢見了女友，醒來後竟冒著嚴寒，踏入冰冷的海中……。去年以《逃亡的女人》獲柏林影展最佳導演的洪常秀，再次邀請申錫鎬、繆思柏林影后金珉禧、《江邊旅館》奇周峰等演員，以三段敘事描寫年輕男子的愛情與親情觀，演繹心思細膩敏感的男人，刻劃男性面對愛情時的掙扎心境，透過黑白鏡頭巧妙地建構出獨道的電影美學。此片除了一舉獲得2021柏林影展最佳劇本獎外，更媲美《夢想之地》成為今年國際影壇南韓電影話題作！”亞洲伍迪艾倫”洪常秀繼《逃亡的女人》後電影美學世界觀再升級，從女性轉向男性、堅毅改為細膩，是挑戰題材也是蛻變自我，戲裡戲外感情早已了模糊界線，是洪導影迷必收藏的大銀幕觀影經驗。",https://movies.yahoo.com.tw/i/o/production/movies/December2021/obIHfM2z7W81mmS9BDsn-1080x1542.jpg,https://movies.yahoo.com.tw/video/%E5%BC%95%E8%A8%80-%E6%AD%A3%E5%BC%8F%E9%A0%90%E5%91%8A-060503534.html?movie_id=12038
駭客任務：復活,動作，科幻，,2021-12-22,"《駭客任務：復活》由原系列導演拉娜華卓斯基執導，是影迷期待已久的《駭客任務》系列第四集，該系列開創性的詮釋重新定義了電影類型。這部新片集結了原班人馬基努李維與凱莉安摩絲，重新飾演他們各自的角色「尼歐」與「崔妮蒂」。其他卡司包含葉海亞阿巴杜馬汀二世（《糖果人》、《水行俠》系列電影）、潔西卡漢維克（影集《鐵拳俠》、《STARWARS：原力覺醒》）、強納森葛洛夫（《漢密爾頓》、影集《破案神探》）、尼爾派屈克哈里斯（《控制》）、琵艷卡喬普拉（影集《諜影行動》）、克莉絲汀娜蕾茜（影集《逃離瘋人院：娜麗布萊的故事》、影集《麗茲鮑敦傳奇》）、泰爾瑪霍普金斯（影集《死生之交》）、艾倫迪拉伊巴拉（影集《超感8人組》、影集《失控》）、托比奧伍梅爾（影集《嘻哈帝國》）、麥司希麥特（影集《超感8人組》）、布萊恩J史密斯（影集《超感8人組》、影集《絆腳石》）及潔達蘋姬史密斯（《全面攻佔3：天使救援》、影集《萬惡高譚市》）。編劇是拉娜華卓斯基、大衛米契爾和亞歷山大赫蒙，改編自華卓斯基姊妹創造的角色。製作人是葛蘭特希爾、詹姆斯麥克特格和拉娜華卓斯基，監製是加瑞特格蘭特、泰瑞尼德漢、麥可薩爾文、傑西埃爾曼和布魯斯柏曼。幕後創意團隊囊括拉娜華卓斯基在科幻神劇《超感8人組》中合作過的幾位班底，包括攝影指導丹尼爾萊馬薩切西和約翰托爾、製作設計休貝特厄普和彼得瓦波勒、剪輯喬瑟夫傑特沙利、服裝設計林賽普伊、視覺效果總監丹葛拉斯及配樂強尼克萊米克和湯姆提克威。 ",https://movies.yahoo.com.tw/i/o/production/movies/November2021/WgnY1WlMJ2DEK2yUjxVB-1080x1542.jpg,https://movies.yahoo.com.tw/video/%E9%A7%AD%E5%AE%A2%E4%BB%BB%E5%8B%99-%E5%BE%A9%E6%B4%BB-%E5%B9%95%E5%BE%8C%E8%8A%B1%E7%B5%AE-103004757.html?movie_id=11744
夢想裁縫師,喜劇，,2021-12-17,"經營老牌西服店的裁縫師尼可，每天都穿著三件式西裝，踩著舊式的腳踏縫紉機、天花板上整齊懸掛著剪刀和熨斗，追求完美的他連一根線頭都不放過。然而快速、便宜的成衣漸漸取代高級訂製服，銀行登門討債，他的父親也急得病倒了。尼可決定主動出擊，用活動推車將西服載到市集，西服款式看似高級，但是一點也不親民的價格讓客人逃之夭夭。「你會做婚紗嗎？」走投無路的尼可，大膽接受一名婦人的委託，他人生第一次縫製色彩繽紛的女裝，卻連接起新的相遇和幸福！尼可的婚紗漸漸闖出名堂，看著準新娘們臉上滿足的笑容，尼可終於明白為他人創造幸福就是自己的夢想。電影圍繞著愛琴海，以雅典為舞台，還能一窺浪漫的希臘婚禮、熱鬧的市集等異國風情，令人彷彿置身希臘。故事中穿插著小人物之間溫暖的情誼，以及共同克服困難的柔韌力量，如同被稱為「太陽之國」的希臘，充滿正向能量。【關於電影】最扣人心弦的職人精神，夕陽手工業的燦爛重生！瞄準當代希臘社會脈動，打造繽紛、幽默的愛琴海風情畫本片為從小在希臘成長的新銳女導演桑妮雅莉莎肯特曼的首部劇情長片，以雅典為舞台，藉由熱鬧的街市、活力十足的婚禮，以及處處讓人會心一笑的人情溫暖，帶領觀眾一窺高級訂製服產業的興衰與轉型。出身裁縫世家的尼可，一輩子就只會做好「裁縫」這件事，眼見過往父親的忠實顧客一個個凋零，就連印象中能夠隻手撐起一片天的父親也病倒了，曾經最光鮮的訂製服產業日漸衰退，迎面而來的全球化經濟壓力更是讓人喘不過氣。因此，該如何走出舒適圈，讓傳統夕陽產業重燃希望，成了尼可不可迴避的課題。導演桑妮雅表示，儘管自己沒有服裝設計相關背景，但卻對時裝充滿熱忱；時裝產業隨著全球化、工業化日益加劇，快時尚品牌一個個快速興起，往日傳統裁縫師手下一針一線交織成的美麗時裝，已然成了遙不可及的「歷史」，因此她坦言：「裁縫是一項相當精密的工藝，從質料的選擇到每一個縫線、針腳，無不充斥裁縫師的巧思。因此，面對世界的高速轉變，這群美麗職人該如何自處，並用什麼樣的方式對世界做出回應讓我很感興趣！」本片故事背景設定在遭逢經濟危機的當代希臘，眼見許多四、五十歲的中年人，如同主角尼可般，必須面對突如其來的中年失業，甚至瀕臨破產。導演形容：「如同片中的裁縫師尼可，他的衣著、道德觀、技藝都與現實世界有所差距，因此他難以融入其中、四處碰壁，這樣的處境正是現在希臘正面臨的課題。」然而儘管如此，全片卻絲毫不見愁雲慘霧的沉重氛圍。在片中，溫暖、繽紛的愛情海風情依舊耀眼奪目。觀眾可以看到走投無路，好不容易下定決心推著滿櫃高級訂製服及衣料走進市集擺攤，卻乏人問津，還不時得面臨奧客殺價、找碴的裁縫師尼可，雖然處境慘到了極點，卻依然渾身散發滿滿的詼諧感，每個格格不入的動作與表情，都讓觀眾忍不住嘴角上揚。對於這樣正面的調性設定，導演桑妮雅表示自己從未想過要藉由作品去闡述嚴肅的經濟危機議題，她說：「我想拍的是一個關於人如何在逆境中苦撐，最後終於熬過去，重獲新生的故事！」  ",https://movies.yahoo.com.tw/i/o/production/movies/October2021/fucW2wscZl0GUNqHPUbC-1080x1527.jpg,https://movies.yahoo.com.tw/video/%E5%A4%A2%E6%83%B3%E8%A3%81%E7%B8%AB%E5%B8%AB-%E6%AD%A3%E5%BC%8F%E9%A0%90%E5%91%8A-150516205.html?movie_id=11599
由宇子的天秤,劇情，,2021-12-17,紀錄片導演由宇子率領團隊追查三年前一樁涉及霸凌、師生戀、輿論獵巫，並以兩起自殺收場的高中醜聞。她堅持不偏袒任何一方，一邊抵抗電視台商業壓力，同時努力獲取當事人家屬的信任，以期拼湊真相。然而當她越深入調查，卻越是發現自己無法置身事外。與此同時，由宇子的父親竟疑似讓補習班的女學生懷孕，鏡頭內外宛如鏡像的發展令她陷入天人交戰，原則被挑戰，天秤在傾斜，儘管她的攝影機不撒謊，但如果所有人都在撒謊呢？新銳導演春本雄二郎以層層揭開的精巧劇本，配上冷冽逼視的長鏡頭，犀利拷問人世的道德困境。瀧內公美繼《火口的二人》後再登表演高峰，與飾演父親的光石研有著精彩對手戲。透過演員的精彩加乘，豐富了全片的情感與議題層次，並切開核心直搗觀者內心，誘引觀眾捫心自問：「究竟是謊言控制了我們的生活，還是我們能夠控制謊言、並成為更好的人？」,https://movies.yahoo.com.tw/i/o/production/movies/November2021/o0PYnfV1IJJwnI3IhPVr-1080x1543.jpg,https://movies.yahoo.com.tw/video/%E7%94%B1%E5%AE%87%E5%AD%90%E7%9A%84%E5%A4%A9%E7%A7%A4-%E5%90%84%E7%95%8C%E6%8E%A8%E8%96%A6%E5%BD%B1%E7%89%87-150849395.html?movie_id=11643
愛上費加洛,劇情，,2021-12-17,"多倫多國際影展日舞影展觀眾票選獎《性福療程》導演班李文最新浪漫喜劇《淑女鳥》丹妮爾‧麥唐諾、《悲慘世界》休‧斯基納、《華爾街之狼》喬安娜‧拉姆利主演勇敢追夢、活出熱情、找到自我蜜莉（丹妮爾‧麥唐諾飾）是一位才華洋溢的年輕基金經理，事業愛情兩得意的她在倫敦過著令人稱羨的生活，然而她對這樣的生活日漸感到無法滿足，不僅拒絕了大好的晉升機會，還決定辭職並離開男友，只為追求她的畢生夢想───成為一名歌劇演唱家。為了能夠參加成為職業演唱家跳板的「歌劇好聲音」比賽，蜜莉從繁華的倫敦搬到杳無人煙的蘇格蘭高地，向著名的前歌劇女伶梅根‧傑佛瑞畢夏（喬安娜‧拉姆利飾）拜師學藝，進行為期一年嚴格又激烈的聲樂訓練───不准喝酒、不准抽煙、不准訪客。在那裡，她遇到了在當地酒館兼職水管工和廚師的麥斯（休‧斯基納飾），他碰巧是梅根的學生，也正在為即將到來的「歌劇好聲音」比賽進行訓練，一開始兩人都把對方視為水火不容的競爭對手，隨著比賽時間慢慢接近，兩人的關係開始有了微妙的變化…",https://movies.yahoo.com.tw/i/o/production/movies/November2021/d6yRNLJlyZIO6jCmCxB7-1080x1536.jpg,https://movies.yahoo.com.tw/video/%E6%84%9B%E4%B8%8A%E8%B2%BB%E5%8A%A0%E6%B4%9B-%E4%B8%AD%E6%96%87%E9%A0%90%E5%91%8A-133209931.html?movie_id=11670
尋找神話之鳥,紀錄片，,2021-12-17,"《老鷹想飛》台灣資深生態攝影大師梁皆得，耗時20年動人力作！跨越六國拍攝，消失60年神話之鳥「黑嘴端鳳頭燕鷗」現身大銀幕！金馬獎最佳原創電影音樂獎得主林強操刀全片配樂！邀集各國學者專家現身說法，帶領觀眾更加理解候鳥生態！透過瀕臨絕種神話之鳥，反思環境汙染、生態浩劫等諸多議題！等待一甲子，傳說般的神話之鳥現身頂著黑色羽冠、前端像沾到黑色墨水的橘色嘴喙、一身淺灰白色羽毛，這種在1861年被人類命名以來，就鮮少見到其蹤影的燕鷗，究竟只是個神話，還是真實存在世界上？2000年，一次底片調光機的故障，讓生態攝影師梁皆得，在馬祖意外發現60幾年前被認為絕種的黑嘴端鳳頭燕鷗。自此，對這傳說中「神話之鳥」懷有夢想的人們，穿梭在亞洲各國沿海，以及無數個無人小島之間，有時遭遇大雨風浪，有時冒著跌入大海的危險，只為了能發現牠們的蹤跡。尋找神話之鳥二十年，牠們的數量從八隻，到現在約一百隻，仰賴遷徙路徑上，各國的保育行動。然而，每年夏天颱風對繁殖地的侵襲，撿鳥蛋、海洋垃圾、魚類資源減少等自然與人為破壞，仍然對黑嘴端鳳頭燕鷗的生存造成龐大威脅。梁皆得跟隨各國學者專家，紀錄著黑嘴端鳳頭燕鷗、當地熱愛這些鳥類的人們，以及自然環境三者所相互交織的故事。",https://movies.yahoo.com.tw/i/o/production/movies/November2021/NrsOwjeWX3QMR3PZXKUL-1080x1543.jpg,https://movies.yahoo.com.tw/video/%E5%B0%8B%E6%89%BE%E7%A5%9E%E8%A9%B1%E4%B9%8B%E9%B3%A5-%E6%AD%A3%E5%BC%8F%E9%A0%90%E5%91%8A-061147942.html?movie_id=11690
電影 K-ON！輕音部,動畫，,2021-12-17,"描述五個櫻丘高中輕音部成員所展開的精彩社團生活，精彩動人。Newtype×MachiAsobi動畫世界2012」作品獎第17屆神戶動畫獎最佳動畫電影作品2012年獲得第35回日本電影金像獎優秀  深夜動畫的最高票房紀錄我們永遠都是放學後。唯、澪、律、紬這四個即將畢業的輕音部三年級生，一如往常地在社辦喝茶、討論樂團的發展方向（？），過著一派悠閒的日子。某天，他們得知班上的同學們正在企劃「畢業旅行」，唯等人因此決定自己也要來辦一場畢業旅行。梓知道此事後也表示想參加。經過一番討論，每個人先提出各自想去的地點，最後用抽籤的方式決定，要去「倫敦」！於是，大家一邊準備著旅遊指南等旅行所需的各種物品，一邊期待這場即將到來的倫敦之旅。",https://movies.yahoo.com.tw/i/o/production/movies/December2021/D2EhTw6BHgiMRyZ3U36m-514x700.jpg,https://movies.yahoo.com.tw/video/%E9%9B%BB%E5%BD%B1-k-%E8%BC%95%E9%9F%B3%E9%83%A8-%E4%B8%AD%E6%96%87%E9%A0%90%E5%91%8A-075002127.html?movie_id=11694
電影版 狂賭之淵2：絕體絕命俄羅斯輪盤,劇情，,2021-12-17,"改編自日本超人氣漫畫《狂賭之淵》原班人馬好評再推電影版續作原作作者河本焰親自監修，再度打造全新原創故事傑尼斯夯團JohnnysWEST成員藤井流星首次挑戰反派角色奇特、精彩的原創遊戲挑戰更刺激的賭博之戰當紅新生代女歌手milet為電影創作主題曲名門學校私立百花王學園以「賭博能力」決定學生的階級，牽連全校學生的「學生會會長指名選舉」結束後，看似恢復了平常的校園生活，學生會卻因蛇喰夢子強大的存在感而備感危機。另一方面，無法繳納費用給學生會的「家畜」不斷增加，由家畜向學生會成員發起的官方賭博戰橫行，學園內洋溢著神秘的氛圍。2年前因引發某起事件而被學園追捕的男人．視鬼神真玄再度現身，而擁有共感特殊能力的他，是一位最凶惡的賭者……。",https://movies.yahoo.com.tw/i/o/production/movies/December2021/vOIVk1MnFFEG6wo6aaOu-1080x1543.JPG,https://movies.yahoo.com.tw/video/%E9%9B%BB%E5%BD%B1%E7%89%88-%E7%8B%82%E8%B3%AD%E4%B9%8B%E6%B7%B52-%E7%B5%95%E9%AB%94%E7%B5%95%E5%91%BD%E4%BF%84%E7%BE%85%E6%96%AF%E8%BC%AA%E7%9B%A4-%E5%95%8F%E5%80%99%E8%AA%9E-%E5%AE%8C%E6%95%B4%E9%A0%90%E5%91%8A-090214235.html?movie_id=11759
蜘蛛人：無家日,動作，冒險，,2021-12-15,故事接續《蜘蛛人：離家日》片尾，描述號角日報對外公佈了蜘蛛人真實身份是彼得帕克後，警察指控他利用無人機殺害神秘法師，讓彼得帕克遭到輿論攻擊、而他與親友的生活也大受影響。為了改變現況，絕望的彼得帕克找上了「奇異博士」，希望他施展法術讓大家忘記他是蜘蛛人的事實。,https://movies.yahoo.com.tw/i/o/production/movies/December2021/4rcLXxAfKTj26DrXufWL-1280x1827.jpg,https://movies.yahoo.com.tw/video/%E8%9C%98%E8%9B%9B%E4%BA%BA-%E7%84%A1%E5%AE%B6%E6%97%A5-%E5%A4%9A%E5%85%83%E5%AE%87%E5%AE%99%E7%AF%87-115505840.html?movie_id=11479
大紅狗克里弗,動畫，冒險，喜劇，,2021-12-10,超級巨大的毛茸茸英雄即將登上大銀幕！改編自備受喜愛的經典童書，大紅狗克里弗將會教導全世界如何付出大大的愛！當中學生艾蜜莉伊莉莎白（達比坎普飾）遇見一名擁有魔法的動物救援者（約翰克里斯飾），而他又送給她一隻紅色的小狗狗，她絕對沒想到隔天一覺醒來，竟然會在她位於紐約市的小公寓，發現一隻三米高的巨大獵犬。因為她的單親媽媽（席安娜蓋蘿莉飾）正在出差，於是艾蜜莉和她愛玩又孩子氣的凱西叔叔（傑克懷特霍爾飾）就在被暱稱為大蘋果的紐約市，展開一場驚險刺激的冒險旅程，保證令人看得大呼過癮。,https://movies.yahoo.com.tw/i/o/production/movies/November2021/F07MV2PSxxh25l8CGOuD-1080x1594.jpg,https://movies.yahoo.com.tw/video/%E5%A4%A7%E7%B4%85%E7%8B%97%E5%85%8B%E9%87%8C%E5%BC%97-%E6%9C%80%E6%96%B0%E9%A0%90%E5%91%8A-022259403.html?movie_id=11416
寶可夢：皮卡丘與可可的冒險,動畫，冒險，,2021-12-10,小智和皮卡丘將前往有寶可夢樂園之稱的奥可雅森林，並和由薩戮德撫養長大的人類孩子「可可」相遇。第一次交到了「人類朋友」讓一直深信自己是寶可夢的可可心中產生了一絲懷疑及煩惱，即使如此，可可還是決定和小智及皮卡丘攜手共同對抗打亂奧可雅森林平靜生活的不速之客。,https://movies.yahoo.com.tw/i/o/production/movies/October2021/MC68LWqHGpFls3GB4x1P-1080x1590.jpg,https://movies.yahoo.com.tw/video/%E5%AF%B6%E5%8F%AF%E5%A4%A2-%E7%9A%AE%E5%8D%A1%E4%B8%98%E8%88%87%E5%8F%AF%E5%8F%AF%E7%9A%84%E5%86%92%E9%9A%AA-%E6%AD%A3%E5%BC%8F%E9%A0%90%E5%91%8A-032607892.html?movie_id=11607
法蘭西特派週報,劇情，喜劇，,2021-12-10,"好萊塢風格大師置中狂人名導威斯安德森第十部里程碑鉅作國際級影帝影后齊聚互飆演技精采詮釋「威式」奇特角色繼《歡迎來到布達佩斯大飯店》再造歐陸懷舊風格致敬法式電影美學《法蘭西特派週報》故事描述在虛構的20世紀，一家駐法國城市的美國雜誌社，將一段又一段的精采故事放送給世人。該片為好萊塢獨樹一格的風格名導威斯安德森所執導的第十部電影鉅作，每次出手便成為影壇經典，其獨特的拍攝手法及風格演繹，往往都能號召一票巨星前來朝聖，傾力演出安德森所塑造的奇特角色；新作同樣吸引大咖影星加入，包含新生代人氣小生—提摩西夏勒梅、金獎影后—法蘭西絲麥朵曼、金獎影帝—安卓亞布洛迪、金獎得主—蒂妲絲雲頓、金獎得主—班尼西歐戴托羅、金球獎影帝—比爾莫瑞，及金球獎提名—歐文威爾森等，勢必成為年度獎季的熱門鉅作！",https://movies.yahoo.com.tw/i/o/production/movies/November2021/QRo8LVmBhY7yMrcbzmH4-1080x1542.jpg,https://movies.yahoo.com.tw/video/%E6%B3%95%E8%98%AD%E8%A5%BF%E7%89%B9%E6%B4%BE%E9%80%B1%E5%A0%B1-%E6%95%85%E4%BA%8B%E7%B5%90%E6%A7%8B%E7%AF%87-071417638.html?movie_id=11633
藍宇,愛情，劇情，,2021-12-10,"榮獲金馬獎最佳導演、男主角、剪輯、改編劇本、觀眾票選最佳影片共5項大獎，劉燁及胡軍雙雙入圍最佳男主角！榮獲香港金像獎最佳影片、導演、男主角、攝影、剪輯、改編劇本等11項大獎提名！金獎大導關錦鵬華語愛情經典，全新4K數位修復版睽違20年重返大銀幕！榮獲坎城影展「一種注目」單元入選片榮獲金馬獎觀眾票選最佳影片！你的名字一直在我的心裡出生北京富家子弟的捍東（胡軍飾），家裡經商有成，身邊不乏美女圍繞，但他卻對男人有了興趣。時值大學生的藍宇（劉燁飾），為生活所迫而只能選擇出賣肉體，因緣際會下成為了捍東的交往對象。兩人在這段關係開始之前，就訂好遊戲規則「好聚好散」，不料在過程中卻越陷越深。就在戀情越趨穩定時，迫於社會輿論以及家庭壓力，捍東即將迎娶一位名叫靜平（蘇瑾飾）的女子為妻，藍宇默默遠走他方。多年後，捍東經商失敗，更遭市局拘捕查扣全部身家、面臨死罪，當藍宇一得知消息，立刻賣掉當初捍東送他的房子，拿出多年積蓄，試圖拯救捍東。這次，他們真能排除萬難，成功長相廝守嗎？",https://movies.yahoo.com.tw/i/o/production/movies/November2021/7LsBkfMb27ntUV0HfPti-1080x1511.jpg,https://movies.yahoo.com.tw/video/%E8%97%8D%E5%AE%87-30%E7%A7%92%E9%A0%90%E5%91%8A-040603584.html?movie_id=11695
天菜特警,動作，犯罪，喜劇，,2021-12-10,"冰島四週票房冠軍，吸金更勝《永恆族》北歐傑森史塔森詮釋火爆特警，玩命媲美《終極警探》！爆笑直逼《絕地戰警》，今年最狂動作喜劇重磅緝凶！「直來直往」的剽悍警探，竟暗藏不可告人的「男」言之隱？王牌硬漢警探布希在調查一連串銀行搶案的過程中，發現似乎什麼也沒被偷，難不成這一切背後有更大的陰謀？於此同時他也正面對內心掙扎：不知不覺中，對以前看不順眼的天菜搭檔逐漸產生「特別的感覺」……",https://movies.yahoo.com.tw/i/o/production/movies/November2021/7IcKEkx0YIu59JTM49dH-1080x1539.jpg,https://movies.yahoo.com.tw/video/%E5%A4%A9%E8%8F%9C%E7%89%B9%E8%AD%A6-%E6%AD%A3%E5%BC%8F%E9%A0%90%E5%91%8A-154106909.html?movie_id=11821
美國女孩,劇情，,2021-12-03,2003年，移民美國五年的莉莉（林嘉欣飾）抱病帶著兩個女兒芳儀（方郁婷飾）、芳安（林品彤飾）從洛杉磯回到台灣，與聚少離多的丈夫宗輝（莊凱勛飾）團聚。芳儀因中文障礙成績落後，被同學戲稱為「美國女孩」。一心渴望返美的芳儀與母親莉莉衝突不斷，導致家庭成員之間關係緊張，並隨著SARS疫情的爆發來到高峰。【關於電影】獲得金馬獎7項大獎提名的《美國女孩》，故事基底取材自導演的成長經驗，以母女故事為核心闡述成長中的陣痛。當年害怕失去病中母親，以最惡劣叛逆的方式與母爭執不休。當時她以為只要「拒絕長大」，就能以此「挽留」母親，讓她陪伴久一點。現今回顧，母女安在，然而情仍然糾葛如昔。這個故事是給所有深愛著、卻沒有勇氣溫柔的人。《美國女孩》以千禧年後第一個全球流行病SARS疫情為背景，設定在2003年初的新店。這一年編導阮鳳儀的母親罹患乳癌自美返台治療。剛升國一的她從美國回到台灣，被送入私立天主教女子中學。故事圍繞著飽受內憂（母親乳癌）、外患（嚴格的私立女校生活） 的青少女成長片段。《美國女孩》是編導阮鳳儀第二次以自身經歷為靈感創作，在此之前是研究所畢業製作短片《姊姊》，講述編導幼年隨母親以及妹妹移民美國的經驗。《美國女孩》將焦點放在台美兩種文化下成長的「第三文化兒童/青少年」在「被迫返家」的情境下所經歷的「逆向文化衝擊」。這種文化跳躍的經驗在全球化時代不僅越來越普遍，也是讓「家」越來越難定義的關鍵。「家」似乎無處不是，同時也處處都是。跨國流動帶來的自由，附帶的是精神上的流離失所，以及越來越模糊的身份認同。在故事所經歷的五個月時間跨度中，芳儀家可以說是移民美國的「失敗者」，然而在這種飽受煎熬、因為景氣低迷、文化衝突、疾病而即將分崩離析的家庭，卻因為一場意外的疫情被迫面對心中失去彼此的深層恐懼，在失而復得後獲得重新開始的契機。,https://movies.yahoo.com.tw/i/o/production/movies/October2021/41DQnG4mcyl8yT3gR9Nj-1080x1543.jpg,https://movies.yahoo.com.tw/video/%E7%BE%8E%E5%9C%8B%E5%A5%B3%E5%AD%A9-%E6%AD%A3%E5%BC%8F%E9%A0%90%E5%91%8A-052045261.html?movie_id=11600
爆裂戰警,動作，劇情，,2021-12-03,"2020威尼斯影展世界首映口碑沸騰，年度必看爽度破表動作鉅獻2021丹麥奧斯卡最佳影片等十一項大獎提名億萬製作團隊傾力打造，全球影評一致盛讚「今年最精彩的動作電影」_Variety「節奏毫無喘息空間」_WallStreetJournal「引人入勝又發人省思」_ScreenInternational十九歲穆斯林少年哈西遭到警察拘留後失蹤多日，而當特警隊員詹斯與麥可在穆斯林社區巡邏時，意外得知哈西在醫院傷重不治的消息從新聞媒體傳來，同時點燃起社區穆斯林年輕人及黑幫壓抑已久的怒火，他們將目標對準這對特警以求報復，情況一觸即發頓時失控。這兩名警員驚覺自己成了攻擊目標，在重兵埋伏面臨敵眾我寡，種種不利情況下，他們必須搏命奮戰，拼死求生，卻也度過人生最長的一日。",https://movies.yahoo.com.tw/i/o/production/movies/November2021/D8d3zyltdHTo7Qqd8xnM-1080x1543.jpg,https://movies.yahoo.com.tw/video/%E7%88%86%E8%A3%82%E6%88%B0%E8%AD%A6-%E4%B8%AD%E6%96%87%E9%A0%90%E5%91%8A-131404048.html?movie_id=11644
詭祭,劇情，驚悚，懸疑，,2021-12-03,「詭祭」由鍾瑶、曹晏豪、安妮、阮承恩主演，描述一群上流公子千金，厭倦奢華派對，前往山中進行神秘儀式，卻意外變成吸血鬼。,https://movies.yahoo.com.tw/i/o/production/movies/November2021/GCz164lEZ9Ia4FznFZc1-1280x1807.jpg,https://movies.yahoo.com.tw/video/%E8%A9%AD%E7%A5%AD-%E5%A4%B1%E6%8E%A7%E7%89%88%E9%A0%90%E5%91%8A-050520944.html?movie_id=11649
Fate/Grand Order-終局特異點 冠位時間神殿所羅門-,動畫，戰爭，冒險，奇幻，,2021-11-26,"經歷了七個特異點的戰鬥，人理延續保障機構．迦勒底終於來到聖杯探索的最終地點——終局特異點「冠位時間神殿所羅門」。這回勢必要打倒發生這一切的元兇—魔術王所羅門，奪回人類的未來。一行人在迎戰最終特異點之前，每個人都有各自的安排。羅馬尼．阿基曼思考著自己即將面臨的選擇；瑪修感受到自己來日不多，心裡千頭萬緒。而藤丸為了最終決戰作準備，穿上了全新的禮裝。賭上至今遇到許許多多的人事物，以及眾人的未來，藤丸和瑪修終於要步上最後的戰場……。 ",https://movies.yahoo.com.tw/i/o/production/movies/October2021/55Soem6eZDbBgVbCWpTv-739x1080.jpg,https://movies.yahoo.com.tw/video/fate-grand-order-%E7%B5%82%E5%B1%80%E7%89%B9%E7%95%B0%E9%BB%9E-%E5%86%A0%E4%BD%8D%E6%99%82%E9%96%93%E7%A5%9E%E6%AE%BF%E6%89%80%E7%BE%85%E9%96%80-041259072.html?movie_id=11550
魔法阿媽,動畫，奇幻，喜劇，,2021-11-26,"4K高畫質經典修復，再現這塊土地上的每份珍貴情感台灣首度引進迪士尼動畫製作手法，進軍國際動畫影壇三金創作人史擷詠老師譜寫配樂，金馬獎最佳女配角文英阿姨配音麥人杰、郭景洲、王登鈺、陳偉松等國內動畫界大師操刀製作1998台北電影節閉幕片、台北電影節年度最佳影片1998台北金馬獎最佳動畫片入圍1998加拿大溫哥華影展1999美國芝加哥兒童國際電影節觀眾票選年度佳片1999香港電影節1999新加坡影展1999美國舊金山國際電影節1999美國費城國際電影節1999美國西雅圖國際電影節1999曼谷國際電影節1999日本福岡亞洲電影節1999美國紐約國際電影節七月颱，鬼門開。因為在國外工作的爸爸出了車禍，媽媽匆匆忙忙帶著豆豆到基隆阿媽家，和外表看起來可怕的阿媽同住。阿媽再三警告豆豆千萬不可以到後院的儲藏室，但豆豆沒聽阿媽的話，反而還打開了一個貼了封條的罐子，使得阿媽家養的黑貓被罐子裡的惡鬼附身，更糟糕的是，惡鬼開始阻礙阿媽普渡「好兄弟」，要讓這些「好兄弟」留下來幫祂做壞事…… ",https://movies.yahoo.com.tw/i/o/production/movies/October2021/1L9YQx79qK0XIPL4zj8O-1912x2732.jpg,https://movies.yahoo.com.tw/video/%E9%AD%94%E6%B3%95%E9%98%BF%E5%AA%BD-%E6%AD%A3%E5%BC%8F%E9%A0%90%E5%91%8A-070729214.html?movie_id=11552
惡靈古堡首部曲：拉昆市,動作，驚悚，懸疑，,2021-11-26,經典同名電玩遊戲《惡靈古堡》電影版將重啟全新篇章，大銀幕再現遊戲恐怖戰慄場面。「拉昆市」是位於美國中西部的一個沒落小鎮，也是神祕跨國組織「保護傘」公司進行秘密生化實驗所在地。保護傘公司的撤離讓這座城鎮變成廢棄之地，地表之下巨大的邪惡力量正在醞釀當中。而當邪惡力量被釋放出來，一群生存者必須共肩作戰，找出藏在保護傘後的真相，並設法活過這個夜晚。,https://movies.yahoo.com.tw/i/o/production/movies/October2021/0X6n8JxEV9rc73BpwQri-1435x2048.jpg,https://movies.yahoo.com.tw/video/%E6%83%A1%E9%9D%88%E5%8F%A4%E5%A0%A1%E9%A6%96%E9%83%A8%E6%9B%B2-%E6%8B%89%E6%98%86%E5%B8%82-%E9%A6%96%E6%94%AF%E9%A0%90%E5%91%8A-025443963.html?movie_id=11558
偶然與想像,劇情，,2021-11-26,"2021柏林影展評審團大獎銀熊獎空降台北電影節觀眾票選獎外語片冠軍打破香港2021年度萬人票房觀影紀錄世界到了明天也沒有結束，然後呢？一部以偶然發生後的想像力為主題的短編集，宛如三段樂章，在最離奇的轉折閃爍不凡的迷人光芒。第壹章：魔法（也比不上的虛幻）外拍結束後，兩位好友一同搭車回家。聽著摯友分享最近浪漫的邂逅，也想起了自己的故事。這些閃閃動人的夢境片刻，是人生最貼近魔法的瞬間？第貳章：敞開的大門教授的研究室會面時段，有人替自己的分數求情，有人帶著小說希望解惑。面對各種高潮段落，敞開的是大門、內心，還是誘惑？第叁章：再一次網路病毒肆虐，人際溝通回歸最初本質。一位女子收到了同學會郵件，特別從東京返鄉參加，只為了與曾經熟悉的女孩再次相遇。破了一個洞的人心，會因此照映相連嗎？【關於電影】比喜歡還輕盈，比愛還喜歡。《偶然與想像》描述人際間奇妙的緣分，那些命運帶來的偶然連結，加上人心無盡的想像，創造出真實又魔幻的迷人故事。電影三段篇章伴隨著舒曼〈兒時情景〉作品15號第1曲、第7曲，〈森林景象〉作品82第1曲，描繪出日常細瑣裡的細膩光輝，大量看似日常卻巧妙的對話，讓觀影者得以完全沉浸在劇中，是一部奇妙又讓人心情飛揚的體驗式電影。本片獲得了2021年柏林影展最佳評審團大獎銀熊獎，並空降台北電影節觀眾票選獎外語片冠軍。濱口竜介在獲頒柏林銀熊獎、唸完感謝名單後表示：「很抱歉唸了一長串名字，但實際上這些成員幾乎是團隊中的每個人。我和一個很小的團隊，一起拍了一部電影。這些人就是這部電影。我想表達衷心的感謝。」完全展現獨立電影最難能可貴的精神。",https://movies.yahoo.com.tw/i/o/production/movies/October2021/bwgsnKryuSFwuiAmUx1I-1080x1535.jpg,https://movies.yahoo.com.tw/video/%E5%81%B6%E7%84%B6%E8%88%87%E6%83%B3%E5%83%8F-%E9%A6%96%E6%92%AD-%E6%AD%A3%E5%BC%8F%E9%A0%90%E5%91%8A-014341810.html?movie_id=11597
魔法滿屋,動畫，奇幻，,2021-11-26,《魔法滿屋》故事背景發生在哥倫比亞的群山中，有一個充滿活力的小鎮，那裡有一處神奇的魔法之地，同時也是馬瑞格家族的居住地，家族的每個人都被賜與一種魔力天賦，唯獨米拉貝兒除外…看似尋常的某天，米拉貝兒意外發現家族身處危險之中，雖然身為唯一沒有魔法的家族成員，她仍決定力挽狂瀾，放手一搏拯救家園，成為這個神奇家族的唯一希望…,https://movies.yahoo.com.tw/i/o/production/movies/November2021/IHZoRhn6UV7K9TJXel1o-1080x1542.jpg,https://movies.yahoo.com.tw/video/%E9%AD%94%E6%B3%95%E6%BB%BF%E5%B1%8B-%E5%85%A8%E6%96%B0%E6%B4%97%E8%85%A6%E7%A5%9E%E6%9B%B2%E7%AF%87-033603623.html?movie_id=11736
月老,愛情，奇幻，,2021-11-24,"榮獲第58屆金馬獎11項大獎提名慘遭雷擊而死的阿綸（柯震東飾）來到陰間，生前所有的記憶歸零。他必須做出選擇：投胎轉世卻可能變成蝸牛；或是擔任神職，累積陰德再修轉世為人的正果？阿綸決定成為月老新鮮人，他與個性爆衝粉紅女Pinky（王淨飾）搭檔，來到人間執行任務，當阿綸遇見狗狗阿魯以及牽著他的主人小咪時，他前世的記憶都回來了，小咪（宋芸樺飾）就是他生前的摯愛。阿綸希望能幫助陽間的小咪尋得新的姻緣，但每一條綁在小咪手上的紅線竟然都被燒毀！原來，有些事，一萬年也不會變…同一時間從陰間逃到人間的鬼頭成（馬志翔飾），展開腥風血雨的復仇行動，找上五百年前背叛且殺害自己的馬賊兄弟。當阿綸還在為小咪綁不上紅線雀躍時，鬼頭成卻將小咪視為下一個要毀滅的目標…【關於電影】九把刀第三度執導影迷最期待之作品 打造陰陽兩界奇幻大作柯震東、宋芸樺、王淨首度聯手《月老》即將席捲全台影迷由九把刀暢銷小說《月老》改編的愛情奇幻電影，是繼《那些年，我們一起追的女孩》、《報告老師！怪怪怪怪物！》之後，九把刀第三度執導筒的長片。《月老》榮獲第58屆金馬獎最佳劇情片、最佳男配角、最佳改編劇本、最佳攝影、最佳視覺效果、最佳美術設計、最佳造型設計、最佳動作設計、最佳原創電影音樂、最佳原創電影歌曲、最佳音效等11項大獎提名。《月老》不僅是九把刀的愛情奇幻作品中最受歡迎、也最被期待改編成電影的原著。在這次《月老》的改編中，九把刀增加了更多的奇幻元素與特效場面，加上三位男女主角柯震東、宋芸樺與王淨以及入圍最佳男配角獎的馬志翔首度合作，絕對今年最受矚目的國片鉅作。柯震東在《那些年，我們一起追的女孩》獲得金馬獎最佳新人獎後，於2016年主演的《再見瓦城》入圍金馬獎最佳男主角獎，這次柯震東在《月老》裡演出一個被雷擊後來到陰間擔任月老練習生的角色，可說是電影中的魅力擔當。女主角宋芸樺從《等一個人咖啡》成功詮釋了「李思瑩」之後，又參與了台灣票房高達4億的愛情電影《我的少女時代》，成為台灣票房人氣紅星。在《月老》中宋芸樺因為思念被雷擊突然離開的男友而有相當吃重的感情戲。《月老》另一亮點的王淨，在《返校》中演出戒嚴時期的女學生方芮欣打開知名度，並獲得台北電影獎最佳女主角獎，這次在《月老》中飾演的角色是一個不按牌理出牌的粉紅女Pinky，俏皮的演出勢必讓影迷再度被圈粉。《月老》交錯兩大主軸–愛情殊途搭配前世輪迴催逼觀眾狂笑大哭馬志翔猶如台版佛地魔氣勢驚人以流浪漢造型首次擔綱壞人角色由於《月老》這部電影圍繞了兩大主軸：一個是當愛情遇上另一半走上殊途，在阿綸與小咪兩人陰陽兩隔的情況下，種種情感衝擊也讓這部電影有相當濃厚的情緒轉折，但是偏偏不按牌理出牌的九把刀卻不只埋著悲傷的梗，片中還有許多充滿爆笑的中二台詞，就是要催逼觀眾又哭又笑！另一個主軸則是《月老》中馬志翔飾演的鬼頭成，這是在原著中未曾出現的角色，但是他為電影帶來輪迴業障的奇幻情節，簡直可以稱為「台版佛地魔」。他在電影中神出鬼沒，所到之處暗黑勢力的陰風來襲，絕對令觀眾不寒而慄！由於第一次演出壞人的大魔頭角色，而且還滿臉鬍渣、滿身污泥，但是馬志翔卻說演出這個角色覺得非常過癮！最強配角助陣 首見「月老團」陳妤、侯彥西與張再興等人feat.軍裝造型的牛頭馬面洪都拉斯與陸明君在電影中月老絕對是不能忽略的重要元素，但是這次電影中的月老造型有別以往，並沒有出現頭髮銀白、手持拐杖的月老公公，反而在大批年輕的「月老團」擔綱此重大要角，這次導演找來《可不可以，你也剛好喜歡我》的女主角陳妤和在《那些年》中飾演「勃起」的侯彥西、以及《角頭—流浪連》的張再興，他們穿上月老制服還在街頭大跳月老紅線舞，在電影中把年輕的月老團表現得淋漓盡致！由於在電影裡面的鬼頭成在人間肆虐又殺人，也驚動陰間的牛頭馬面，這次導演特別挑選了陸明君來擔任牛頭這個角色，陸明君說：「導演的腦袋真的不知道裝了很多奇怪的東西，我在沒有劇本的狀況下，和他聊了角色之後，他希望能夠由高挑威猛的女性來扮演這個角色，我就決定接受這個挑戰！」而洪都拉斯也提到自己雖然沒看到劇本，衝著九把刀充滿創意的導演風格就答應要來參加演出。導演也跟洪都拉斯說自己在設定馬面的角色時，完全依照他的形象來寫台詞的，也因此讓馬面這個陰間角色充滿幽默逗趣感。充滿想像打造陰間亡靈船美術組用玄武岩層次感成為船艙結構 台灣原生特效團隊全程加持 全片用了850顆特效鏡頭 在九把刀的心目中，以前的陰間與陽間的連通管道是一口井，但是他覺得現在的陰間應該與時俱進，於是《月老》裡的陰陽界是搭著電梯往返的，這個新奇的設定讓大家都覺得很有趣，不過也苦了美術組及特效組。另外，電影裡面用到大量陰間的場景，九把刀將陰間想像成一艘船，要將鬼魂引渡到彼岸，但那個彼岸卻是永遠到不了的地方，曾經以《返校》獲得金馬獎最佳美術設計獎的王誌成（頭哥）也是這部電影美術設計，他覺得在一般製成的木頭船達不到導演要的壯闊感，於是他建議利用玄武岩的石柱來建造這艘船，原本九把刀就把這艘陰間船想像成島礁，因此玄武岩的層次概念就非常順理成章地達到九把刀的設定。《月老》的另外一大重頭戲就是視覺特效的加持，尤其是這次《月老》全片特效都是由台灣的特效團隊製作完成，讓九把刀感到非常驕傲。對於視效總監嚴振欽將近14個月不眠不休的工作期，九把刀也相當感佩，尤其是最後一場鬼頭成的大戰，因為他的憤怒造成身上的飛砂走石，大部分的鏡頭都是用特效做出來的，質感真的相當逼真！還有對於導演來說只是一條簡單的紅線，但是嚴振欽要做出有彈性的質感，和拋物線的流暢度，都令九把刀瞠目結舌，他由衷地說：「當觀眾在看特效鏡頭時，他們不是在讚嘆特效多厲害，反而是專注黏著在劇情本身！」這就是《月老》特效已經達到的境界了！",https://movies.yahoo.com.tw/i/o/production/movies/October2021/v8lYMv5H1HTk4sQUYYpR-756x1080.jpg,https://movies.yahoo.com.tw/video/%E6%9C%88%E8%80%81-%E5%A4%A7%E5%AE%B6%E5%8F%AF%E4%BB%A5%E5%9B%9E%E5%AE%B6%E4%BA%86%E7%AF%87-064853991.html?movie_id=11563
迷離夜蘇活,劇情，驚悚，懸疑，,2021-11-12,故事是關於一個對於服裝設計充滿熱情的年輕女子，竟然能夠神祕地回到1960年代，她在那裡遇到她的偶像，一名光彩奪目，夢想成功的歌手。但是1960年代的倫敦並非表面上看來的那樣，時間也似乎開始分崩離析，造成可怕的後果…,https://movies.yahoo.com.tw/i/o/production/movies/October2021/iIK9ubPaTTbzhOE6d3CZ-1280x1846.jpg,https://movies.yahoo.com.tw/video/%E8%BF%B7%E9%9B%A2%E5%A4%9C%E8%98%87%E6%B4%BB-%E5%A0%B4%E6%99%AF%E7%9B%B4%E6%93%8A-061910211.html?movie_id=11407
刀劍神域 –Progressive- 無星夜的詠嘆調,動畫，冒險，,2021-11-12,"首部劇場板破六千萬2021年萬眾矚目的動畫劇場版這是在被稱呼為《閃光》與《黑色劍士》前的故事…某天，原本與網路遊戲無緣的國三女孩《結城明日奈》，在因緣際會下戴上了《NerveGear》。GM在遊戲中向玩家做出了以下宣言：《這雖然是遊戲，但可不是鬧著玩的》。在遊戲中死亡，現實中也會死亡。聽見宣言的全體玩家陷入了混亂中，絕望的叫喊席捲了整個遊戲世界。她連這個世界的規則都不曉得就向深不見頂的鋼鐵浮游城《艾恩葛朗特》發起了攻略挑戰。身為玩家的亞絲娜，在隨時都會面臨死亡危機的世界中，經歷了命運的《相遇》還有《別離》──即使被《眼前的現實》玩弄，亞絲娜還是拼命戰鬥著，而出現在她面前的，是孤高的劍士．桐人──。【關於電影】由川原礫所撰寫的『刀劍神域SwordArtOnline』系列小說，榮獲第15回電擊小說大賞最高賞<大賞>。是以主角桐人在新世代VRMMORPG『SwordArtOnline』為舞台活躍表現的故事。自2009年4月發售的原作小說第一本以來一直保持著高人氣，目前在全世界累積發行數已突破2600萬本。TV動畫自2012年播放第1季，迄今已播出4個系列，也有遊戲化、漫畫化，各種跨媒體發展的活動。2017年發表了「劇場版刀劍神域序列爭戰」，日本達到了25億日圓票房的好成績，台灣票房也近六千萬。主要篇章為「無星夜的詠嘆調」、「幻矓劍之迴旋曲」，時間點在死亡遊戲開始後的一個月，敘述桐人被稱呼為「黑色劍士」的契機，以及一行人攻略第二層魔王時，某名少年鐵匠的故事。『刀劍神域Progressive』是由原作者親自操刀的重啟系列，以更詳盡更細膩的手法描寫刀劍神域系列的開端，從艾恩葛朗特第一層展開的冒險軌跡。原作者－川原礫以亞絲娜的視角描寫嶄新的《艾恩葛朗特》，將以完全新作的形式劇場版動畫化。 ",https://movies.yahoo.com.tw/i/o/production/movies/September2021/TTCKsEtwfgRx6rs4z5yN-765x1080.jpg,https://movies.yahoo.com.tw/video/%E5%88%80%E5%8A%8D%E7%A5%9E%E5%9F%9F-progressive-%E7%84%A1%E6%98%9F%E5%A4%9C%E7%9A%84%E8%A9%A0%E5%98%86%E8%AA%BF-%E9%95%B7%E7%89%88%E9%A0%90%E5%91%8A-073713507.html?movie_id=11504
總編的復仇,劇情，,2021-11-05,"《聽說桐島退社了》《羊之木》金獎導演吉田大八最新鬥智喜劇新作，驚人反轉結局絕對讓你直呼過癮夢幻卡司大集合！大泉洋、松岡茉優、佐藤浩市、池田依來沙、中村倫也、齋藤工、塚本晉也、小林聰美聯手狠鬥中計率97%、平均被騙次數9.4次！廢刊、挖角、組織內鬥，且看陰險出版夜總編懷著莫名鬥志，不顧一切定要達成目標的腹黑行動直擊！曾是神戶新聞社記者的社會派作家塩田武士繼《罪之聲》後，又一同名小說改編電影版螳螂捕蟬、黃雀在後，出版業的腥風血雨就此展開，究竟誰能笑到最後？大型出版社「薰風社」危在旦夕！出版業長期飽受經濟不景氣之苦，現在更糟的是，出身創始家族的社長驟然離世，該由誰來接替他的位置？這個問題引發一場權力鬥爭。專務董事東松想改變公司的核心，他將不可能的任務交給速水。速水是個性情古怪的總編，他負責的雜誌TRINITY即將面臨停刊。但他憑藉自己的口才，與菜鳥編輯高野，邀請到年輕性感的寫手、厲害的作家及當紅的模特兒為雜誌撰稿。他們為了不讓雜誌停刊，想盡辦法接近競爭對手、同事、出版社的高層等等。謊言、背叛、洩密、指控……他們各懷鬼胎，速水得在夾縫中求存！究竟誰才能接近權力核心，成為最後的贏家呢？《總編的復仇》是金獎導演吉田大八繼一鳴驚人的《聽說桐島退社了》、《羊之木》後，又一大展才華的鬥智喜劇新作，結局峰迴路轉又扣人心弦，絕對讓人直呼過癮。加上夢幻卡司全陣容包含大泉洋、松岡茉優、佐藤浩市、池田依來沙、中村倫也、齋藤工、塚本晉也、小林聰美等聯手狠鬥，明星們爾虞我詐宛如演藝圈生存縮影。現實生活中出版業確實面臨電子化的危機，如何轉型同時又要應付公司的內憂外患，在片中被一針見血地刻劃出來。本片更是由曾是神戶新聞社記者的社會派作家塩田武士繼《罪之聲》後，又一同名小說改編之電影版，塩田武士本人更直言當初該小說就是以大泉洋為其角色靈感，電影版能夠真的請到這位影帝級男主角飾演簡直是完美結合，絕對是難得一見的金獎搭配，出版業者必看、非出版業出身者更要關注！",https://movies.yahoo.com.tw/i/o/production/movies/October2021/8UTlYI2ccB3yCWRwSdxm-1280x1827.jpg,https://movies.yahoo.com.tw/video/%E7%B8%BD%E7%B7%A8%E7%9A%84%E5%BE%A9%E4%BB%87-%E6%AD%A3%E5%BC%8F%E9%A0%90%E5%91%8A-143446791.html?movie_id=11608
永恆族,動作，科幻，,2021-11-03,"《永恆族》是超越繁星的神族，七千年前來到地球，誓言保護人類，各色各異的他們，擁有超凡智慧與能力，長生不老，每人具備迥然不同的絕頂神力。然而守護地球期間，各自強大的永恆族人並非和樂融融，內部紛爭不斷，最終整個族群分崩離析，直到一群古老的宿敵現身……全球引頸期盼，經歷《復仇者聯盟：終局之戰》後，漫威電影宇宙會怎麼發展？當世界瀕臨灰飛煙滅之際，永恆族為何缺席抵禦薩諾斯… 以《游牧人生》奪得奧斯卡最佳導演獎的趙婷，擔任本片的編劇及導演，將會為漫威宇宙樹立前所未見的超級英雄模樣。 ",https://movies.yahoo.com.tw/i/o/production/movies/October2021/MSRbo2ocgQ6N9DdzBUk0-1434x2048.jpg,https://movies.yahoo.com.tw/video/%E6%B0%B8%E6%81%86%E6%97%8F-%E6%AD%A3%E5%BC%8F%E9%A0%90%E5%91%8A-134021044.html?movie_id=11472
瀑布,劇情，,2021-10-29,《瀑布》的故事靈感來自導演鍾孟宏友人發生的真實故事，以電影《瀑布》中層層暗喻與不停撞擊兩個女主角的故事為設計概念主軸，就有如海報中的草叢，緩緩持續著圍繞這著母女，像是保護他們又像是被團團困住。而她們背後的藍色幃幕象徵未完工且令人期待的未來，藍色的基底又像是層層水幕，大量的水花如瀑布般向下墜落。,https://movies.yahoo.com.tw/i/o/production/movies/October2021/MONfWpYqXs3Ox5crIwmY-757x1080.jpg,https://movies.yahoo.com.tw/video/%E7%80%91%E5%B8%83-%E8%8A%B1%E7%B5%AE-%E9%8B%BC%E9%90%B5%E7%80%91%E5%B8%83-094149516.html?movie_id=11481
金派特務,動作，喜劇，,2021-10-29,"笑爆韓國票房冠軍！繼《雞不可失》《特務搞飛機》後，今年最狂動作喜劇！《特務搞飛機》李先彬Ｘ《婚禮的那一天》金英光，擺脫偶包合力搞笑無尺度！當「菜鳥特務」遇上「雷包偵探」，兩個超ㄎㄧㄤ特務又將會鬧出什麼蠢事？最不可能的任務，就交給最母湯的特務！根據線報，大量走私槍枝即將流入韓國，菜鳥特務流茶熙（李先彬飾演）被指派前往韓國進行機密調查，為確保任務順利，進而尋求國情局的「優秀」臥底協助，卻陰錯陽差遇上笨手笨腳又貪財的私家偵探禹手罕（金英光飾演）。兩人聯手調查，不僅零默契且漏洞百出，還讓相關人證都莫名「被消失」，甚至被當成頭號嫌疑犯！究竟這兩個超「母湯」特務，能不能保全性命，並順利完成任務呢？",https://movies.yahoo.com.tw/i/o/production/movies/September2021/9gwE7Cf9zzvvtcRqFDss-756x1080.jpg,https://movies.yahoo.com.tw/video/%E9%87%91%E6%B4%BE%E7%89%B9%E5%8B%99-%E6%9C%89%E5%A4%A0%E6%B4%BE%E4%BB%BB%E5%8B%99%E9%A0%90%E5%91%8A-123536950.html?movie_id=11489
怒火,劇情，犯罪，,2021-10-22,動作鉅獻《怒火》由陳木勝執導及監製，甄子丹監製及動作導演，甄子丹、謝霆鋒、秦嵐領銜主演，是2021年最令人期待的華語超級動作電影。殿堂級動作大導陳木勝最矚目的終極之作，再加上宇宙最強甄子丹式爆炸型的個人風格動作設計，他與謝霆鋒在片中的世紀對決，備受華人戲迷關注。,https://movies.yahoo.com.tw/i/o/production/movies/September2021/L5Lp3SrQDqvkKE7X8VLz-756x1080.jpg,https://movies.yahoo.com.tw/video/%E6%80%92%E7%81%AB-%E5%BB%A2%E6%A3%84%E5%95%86%E5%A0%B4%E6%8B%8D%E6%94%9D%E5%A4%A7%E7%88%86%E7%82%B8-132933851.html?movie_id=11331
月光光新慌慌：萬聖殺,恐怖，驚悚，懸疑，,2021-10-22,2018年，導演大衛高登格林執導，潔美李寇蒂斯領銜主演的《月光光新慌慌》一片上映後，就殺出一片紅，締造全球票房2億5千萬美金的驚人成績，成為這個長達四十年之久的電影系列中，票房最高的系列電影，也創下由女演員主演的恐怖片，影史最高的首周票房紀錄。然而，麥克邁爾斯再度回歸大開殺戒的萬聖夜尚未結束。就在洛莉史特羅德（潔美李寇蒂斯飾）、她女兒凱倫（茱蒂葛瑞兒飾）以及外孫女愛麗森（安蒂瑪提查克飾），把戴著面具的邪惡怪物麥克邁爾斯，困在燃起熊熊大火的洛莉家地下室的幾分鐘後，身受重傷的洛莉就被緊急送往醫院，而她也以為她終於殺死折磨她一生的惡靈。但是當麥克逃出洛莉設下的陷阱之後，他又展開了一場腥風血雨的大屠殺。當洛莉奮力忍著身體的劇痛，準備誓死對抗前來殺害她的麥克邁爾斯時，她也激勵了哈登菲爾德小鎮的所有鎮民，他們全都挺身而出，勇敢地面對麥克這個似乎無法阻擋的怪物。一群之前逃出麥克魔掌的鎮民決定自力救濟，組成一個私刑團隊主動出擊，希望能夠獵捕到麥克，並且一勞永逸地除掉這個殺人魔。邪惡今晚必死。環球影業、米拉麥克斯影業、布倫屋製作公司以及TrancasInternationalFilms共同出品的《月光光新慌慌：萬聖殺》一片的演員陣容堅強，除了三位女主角以外，還包括飾演法蘭克霍金斯警官的威爾派頓、湯瑪斯曼恩（《金剛：骷髏島》）以及安東尼麥可霍爾（《黑暗騎士》）。打造2018年全球賣座恐怖片的製作團隊也再度回歸，包括編劇史考特提姆斯（日舞頻道影集《矯正人生》）、丹尼麥克布萊德和大衛高登格林，根據約翰卡本特和黛博拉希爾創造的角色。導演是大衛高登格林，製片是馬列克艾卡德、傑森布倫和比爾布拉克，執行製片則包括約翰卡本特、潔美李寇蒂斯、丹尼麥克布萊德、大衛高登格林以及萊恩弗萊曼。,https://movies.yahoo.com.tw/i/o/production/movies/September2021/c5JtYd7G5QIUVeYvjvhE-682x1080.jpg,https://movies.yahoo.com.tw/video/%E6%9C%88%E5%85%89%E5%85%89%E6%96%B0%E6%85%8C%E6%85%8C-%E8%90%AC%E8%81%96%E6%AE%BA-%E5%B9%95%E5%BE%8C%E8%8A%B1%E7%B5%AE-064217659.html?movie_id=11414
爽賺姐妹,犯罪，喜劇，,2021-10-22,《阿姐萬萬醉》克莉絲汀貝爾《時尚惡女：庫伊拉》柯爾比豪威爾巴普蒂斯特《時尚惡女：庫伊拉》保羅華特豪澤《換人殺砍砍》文斯范恩聯手教你如何大撈橫財就是愛錢！史上最強賺錢撇步讓你Ｃ咖變Ａ咖鈔票一把抓！免費的就是爽！靠折價券也能狂撈猛賺發大財！姐妹手牽手省錢撇步我最懂爽賺女王就是我！ 康妮(克莉絲汀貝爾飾)和好友小裘(柯爾比豪威爾巴普蒂斯特飾）是兩位平凡的家庭主婦，熱愛和彼此分享省錢的妙招，貪小便宜的她們某天發現一種透過製造假優惠券來獲利的方法後，開始走上詐騙之路。然而，這個舉動不僅引起聯邦調查局探員的注意，更造成難以收拾的後果···。,https://movies.yahoo.com.tw/i/o/production/movies/October2021/Mu53Jsvh7iRTNIB6KIFy-1280x1822.jpg,https://movies.yahoo.com.tw/video/%E7%88%BD%E8%B3%BA%E5%A7%90%E5%A6%B9-%E7%B2%BE%E5%BD%A9%E9%A0%90%E5%91%8A-053637899.html?movie_id=11528
最後的決鬥,傳記，歷史，動作，驚悚，懸疑，,2021-10-15,"好萊塢億萬大導雷利史考特跨時代力作繼奧斯卡最佳劇本《心靈捕手》麥特戴蒙與班艾佛列克再度聯手編劇夢幻卡司陣容齊聚亞當崔佛、茱蒂康默、麥特戴蒙、班艾佛列克好萊塢億萬大導雷利史考特精心打造，二十世紀影業全新史詩鉅作《最後的決鬥》（暫譯），劇情描述發生於14世紀，當時法國對女性的極度壓迫及殘暴時期下，一段關於背叛和復仇之扣人心弦的故事。該片改編自艾瑞克傑格爾（EricJager）的同名小說，並根據歷史真實事件所撰寫的史詩鉅作，由奧斯卡得主麥特戴蒙，與二度提名奧斯卡影星亞當崔佛所飾演兩位貴族之間的恩怨情仇，面臨無可饒恕之罪的悲憤下，他們唯有殊死決鬥才能為爭端劃下句點。本片邀請到好萊塢夢幻卡司加入陣容，包含奧斯卡得主班艾佛列克，艾美獎視后茱蒂康默等同台飆戲，並由麥特戴蒙與班艾佛列克再度聯手編劇，超強卡司及製作團隊值得期待大銀幕上映。",https://movies.yahoo.com.tw/i/o/production/movies/October2021/nqQ6186G9Jr9gSpbRqcu-757x1080.jpg,https://movies.yahoo.com.tw/video/%E6%9C%80%E5%BE%8C%E7%9A%84%E6%B1%BA%E9%AC%A5-%E5%81%BD%E5%90%9B%E5%AD%90%E7%AF%87-044835786.html?movie_id=11432
殺手保鑣2,動作，喜劇，,2021-10-08,"億萬票房《殺手保鑣》系列續集，暑假必看!影史最強三""賤""客，原班人馬霸氣回歸，戰力全開「一生只賤你一人」!萊恩雷諾斯、山繆傑克森雙人合體電影《殺手保鏢》票房大獲成功，萊恩與山繆都相當喜歡這個角色，因此再度與導演簽下續集合約。但有個前提是：續集劇本一定要更賤、爆破要更驚人，導演義無反顧一口答應! 《殺手保鏢2》在2019年5月於克羅埃西亞開拍，故事將延續上一集，為防止獨裁勢力摧毀整個歐洲，嗆辣老婆「索妮亞」出獄後被迫與3A保鑣-麥可聯手執行任務，三人合體的嘴賤攻防怎能不期待! ",https://movies.yahoo.com.tw/i/o/production/movies/August2021/omS6xUARsfSLegDNskLv-1000x1429.jpg,https://movies.yahoo.com.tw/video/%E6%AE%BA%E6%89%8B%E4%BF%9D%E9%91%A32-%E7%AC%AC%E4%BA%8C%E6%94%AF%E9%A0%90%E5%91%8A-064359807.html?movie_id=10441
寶貝老闆：家大業大,動畫，喜劇，,2021-10-08,"在夢工廠動畫入圍奧斯卡金像獎的賣座動畫片《寶貝老闆》續集電影《寶貝老闆：家大業大》一片中，天普頓兄弟－提姆（《X戰警》系列電影詹姆斯馬斯登配音）和他的寶貝老闆小弟弟泰德（亞歷鮑德溫配音）－早已長大成人並且漸行漸遠。提姆已經結婚生子，而且是一個家庭主夫，泰德則是一家避險基金公司的執行長。但是一個作風強勢、積極主動的全新寶貝老闆，即將把這對兄弟再湊在一起，並且啟發他們建立全新的家族事業。提姆和他負責賺錢養家的老婆卡蘿（伊娃朗格利亞配音），和他們超級聰明的七歲大女兒泰貝莎（《復仇者聯盟3：無限之戰》雅瑞安娜葛林布雷配音），以及萌翻天的新生寶貝女嬰蒂娜（Netflix動畫喜劇影集《馬男波傑克》艾米塞德麗絲配音）住在郊區。泰貝莎是A咖高級童年學習中心的資優生，她超崇拜她的泰德叔叔，更希望以後能跟他一樣當個霸氣老闆，但是提姆的內心卻仍然充滿過度活躍的童年想像力，而且擔心她會變成一個工作狂，反而會失去度過一個快樂童年的機會。當小寶寶蒂娜透露她是－登登！－寶貝公司的頂尖特工，正在執行一場任務，目的是揭發泰貝莎就讀的學校，以及其神秘創辦人爾文阿姆斯壯（傑夫高布倫配音）的黑暗內幕，這部續集電影就將以出乎意料的方式讓天普頓兄弟再度攜手合作，使得他們重新評估家庭的意義，並且發掘真正重要的事情。麗莎庫卓與吉米金莫則再度為泰德和提姆的父母配音。建立在第一部電影締造全球超過五億美元的亮眼票房成績之上，導演湯姆麥葛瑞斯再度執導《寶貝老闆：家大業大》這部續集電影，製片則是傑夫赫爾曼（《功夫熊貓3》）。 ",https://movies.yahoo.com.tw/i/o/production/movies/July2021/krVUA6KE2fgBZdkJ4kgA-682x1080.jpg,https://movies.yahoo.com.tw/video/%E5%AF%B6%E8%B2%9D%E8%80%81%E9%97%86-%E5%AE%B6%E5%A4%A7%E6%A5%AD%E5%A4%A7-%E4%B8%AD%E6%96%87%E9%85%8D%E9%9F%B3%E6%98%8E%E6%98%9F%E8%8A%B1%E7%B5%AE%E7%AF%87-064217087.html?movie_id=11084
007生死交戰,動作，冒險，驚悚，懸疑，,2021-09-30,"一向被視為年度大片的007系列電影即將推出第25部，丹尼爾克雷格再度飾演所向披靡，家喻戶曉的英國情報員詹姆斯龐德，延續上一集的故事發展，M夫人因公殉職，由雷夫范恩斯飾演新任的軍情六處長官M先生，他也是龐德的頂頭上司，班維蕭則飾演角色討喜幽默的裝備武器專家Q先生，而最令人注目的龐德女郎一角，將由法國女星蕾雅瑟杜再次詮釋，這也是除了第一代龐德女郎尤妮絲蓋森(EuniceGayson)之外，打破過去007電影57年的慣例，成為史上第二位重複登場的龐德女郎；另一位全新龐德女郎則是曾經演出《銀翼殺手𝟐𝟎𝟒𝟗》的古巴裔新生代女神安娜德哈瑪斯。此外，今年4月底才正式公布，這一集新的反派角色將由奧斯卡金像獎影帝雷米馬力克主演，他在波希米亞狂想曲的亮眼表現，勢必將為這部片注入全新的戲劇張力。在《007生死交戰》中，情報員詹姆斯龐德退役後，在牙買加享受著平靜的生活。 但當中央情報局的老朋友菲力克斯雷特出現請他協助時，這短暫的平靜也隨之結束。他的任務本是去營救一個被綁架的科學家，卻發現一個神祕的新型態科技犯罪組織，也讓自己身陷危險之中。 ",https://movies.yahoo.com.tw/i/o/production/movies/September2021/N8kcUs4tj3YXCvQ5cfO6-749x1080.jpg,https://movies.yahoo.com.tw/video/007%E7%94%9F%E6%AD%BB%E4%BA%A4%E6%88%B0-imax%E7%AF%87-074610608.html?movie_id=10406
疾凍救援,動作，,2021-09-24,"今年暑假超級災難動作強檔！《即刻救援》億萬巨星連恩尼遜年度鉅獻！耗資4000萬美金拍攝、加拿大冰路實地取景，享受冰上狂飆刺激快感！《世界末日》《空中監獄》《終極警探3》編劇強納森漢斯林執導最新力作！300英哩冰封路30小時危機倒數唯一存活機會！在加拿大北部一處偏僻的鑽石礦坑發生重大坍塌意外，一群礦工被埋在坑道內，僅剩30小時的氧氣可以存活。駕駛經驗豐富的巨型卡車駕駛（連恩尼遜飾）、與天才機械師弟弟葛帝(馬克斯湯瑪斯飾)組成緊急救難隊，靠著巨型卡車橫越300英哩結冰湖面構成「冰路」，救出被困住的26名礦工。這群緊急救難隊成員不但要在逐漸融化的「冰路」搏命飆速、還要面對即將來襲的超大風暴，但他們真正的威脅卻是過去從未遇過的恐怖危機...原來礦坑企業公司為了隱藏爆炸意外主因被揭發，雇用大批殺手阻撓救難隊員行進，一場驚天動地的救難行動在冰天雪地中就此展開！",https://movies.yahoo.com.tw/i/o/production/movies/August2021/w67Sv0naUxZ4jLJcWSLC-756x1080.jpg,https://movies.yahoo.com.tw/video/%E7%96%BE%E5%87%8D%E6%95%91%E6%8F%B4-%E9%80%A3%E6%81%A9%E5%B0%BC%E9%81%9C%E5%95%8F%E5%80%99%E5%8F%B0%E7%81%A3%E7%B2%89%E7%B5%B2-134620048.html?movie_id=11406
金錢帝國：追虎擒龍,動作，,2021-09-24,"四大影帝、巔鋒對決。古天樂、梁家輝、吳鎮宇、林家棟大飆演技，詮飾70年代香港警察貪污帝國興衰超豪華陣容，展現硬派演技，塑造善惡對峙的時代梟雄，震撼呈現香港歷史上最驚心的貪污內幕1973年，香港警察與黑道勾結，在統制者英國人指使下貪污巨利，荼毒市民，已是見怪不怪的常態。港督終於決定成立廉政公署，兩位檢察官為黑白雙煞陳克（古天樂飾）和白松安（林家棟飾）組成第一批廉政公署調查員，調查權傾黑白兩道的總華探長徐樂（吳鎮宇飾）及黑道霸主跛豪（梁家輝飾），嚴厲打擊香港的地下規則和貪污的大老虎，兩人聯手出擊，出現了打貪成效，但也因徐樂與跛豪決定合作對抗廉政公署，更有不少廉署成員相繼遇害，但陳克不放棄信念，一場正義與邪惡的爭鬥，從此拉開了帷幕。",https://movies.yahoo.com.tw/i/o/production/movies/September2021/VNvZjXiPAfQibew3T5uM-1488x2127.jpg,https://movies.yahoo.com.tw/video/%E9%87%91%E9%8C%A2%E5%B8%9D%E5%9C%8B-%E8%BF%BD%E8%99%8E%E6%93%92%E9%BE%8D-%E4%B8%AD%E6%96%87%E9%A0%90%E5%91%8A-050626090.html?movie_id=11497
蠟筆小新：謎案！天下春日部學院的怪奇事件,動畫，驚悚，懸疑，,2021-09-24,"2021推薦唯一青春爆笑推理動畫電影。《劇場版蠟筆小新》首次推出懸疑推理故事。睽違三年再度以「春日部防衛隊」為故事主角的劇場版動畫。日文版聲優特別邀請仲里依紗、不破醬、巧克力星球參與配音演出。小新一行人在風間的邀請下，來到了住宿制的菁英學校「天下春日部學院」進行為期一週的體驗入學，小新一行人則對住宿生活懷著期待的心情。而風間打算在體驗入學期間拿下好成績，並正式就讀。可是，小新一直扯他的後腿，兩人大吵一架後，風間憤而跑出宿舍。小新一行人在外出尋找風間時，在崩塌的鐘樓中找到了倒臥其中的風間！而且他的屁股上有個詭異的咬痕…。隔天早上，風間醒來後居然變成一個超級大笨蛋！原來在這間學院中，頻繁發生被神秘「咬屁鬼」咬過屁股的學生變成幼稚小鬼的奇妙事件！為了解開真相，小新一行人結成了「春日部偵探俱樂部」。小新一行人的奇妙推理會發生什麼事呢？",https://movies.yahoo.com.tw/i/o/production/movies/September2021/AsePX2om8NDIk7IjUJgo-756x1080.jpg,https://movies.yahoo.com.tw/video/%E8%A0%9F%E7%AD%86%E5%B0%8F%E6%96%B0-%E8%AC%8E%E6%A1%88-%E5%A4%A9%E4%B8%8B%E6%98%A5%E6%97%A5%E9%83%A8%E5%AD%B8%E9%99%A2%E7%9A%84%E6%80%AA%E5%A5%87%E4%BA%8B%E4%BB%B6-%E6%97%A5%E6%96%87%E7%89%88%E9%A0%90%E5%91%8A-150215471.html?movie_id=11506
密弒遊戲2：勝者危亡,動作，恐怖，驚悚，懸疑，,2021-09-17,為了將害人致死的「世界頂尖密室逃脫」主辦方繩之以法，兩位遊戲生存者柔伊（泰勒羅素飾）和班（羅根米勒飾）決定聯手到紐約找出背後兇手。但兩人卻與其他四位陌生人在紐約地鐵上遇到大災難，並意外發現他們不僅捲入更危險致命的密室遊戲，且所有人之前都是「世界頂尖密室逃脫」遊戲的生存者。在不解迷就等死的情況下，這六人將如何協力找生路，避免成為下一批遊戲犧牲者？,https://movies.yahoo.com.tw/i/o/production/movies/August2021/E5PUUznUdLgcV5itbMOh-2990x4267.jpg,https://movies.yahoo.com.tw/video/%E5%AF%86%E5%BC%92%E9%81%8A%E6%88%B22-%E5%8B%9D%E8%80%85%E5%8D%B1%E4%BA%A1-%E9%9B%BB%E5%BD%B1%E8%8A%B1%E7%B5%AE-035310838.html?movie_id=11408
算牌手,劇情，,2021-09-17,"一場完美算計卻無法掌控的牌局 人生如牌局，你手上的牌固然重要，你怎麼打，才是決勝關鍵。「救贖」，是一場人生馬拉松，「賭博」則是一場機會與耐心的挑戰。 前軍人泰爾（奧斯卡伊薩克飾演）從軍人轉行成職業賭徒，但在成為賭徒之後，他依然被過去的陰影纏身。也許他早就有完美的理由從這一切脫身，但他依舊無法原諒自己。在他遇見年輕人柯克（泰謝里丹飾演）及聰明的女子樂琳達（蒂芬妮哈戴許飾演）之後，柯克給了他一個機會拯救過去的自己；琳達則給了他一個方向展開新生。但，人生如牌局，你手上的牌固然重要，你怎麼打，才是決勝關鍵。 【關於電影】來自導演兼編劇保羅許瑞德，帶來關於「威廉泰爾」的一生故事。威廉，一位前士兵，專門嚴刑拷問那些伊拉克的犯人。他在監獄度過一段日子，結束之後他轉行成為一位職業賭徒，儘管他在後續的生活中不斷為自己的過去尋找出路，過去的罪孽卻如影隨形。要跟以往的自己和好，有時候需要一點暴力。 電影監製是大名鼎鼎的馬丁史柯西斯，保羅許瑞德曾在《計程車司機》(1976)與他合作過。《算牌手》捕捉到了這位導演的個人風格，提到這部電影，導演許瑞德表示：「在過去的歲月裡，我找到了屬於自己的『類型片』，我發現這些類型片多半圍繞著一位男人—一位戴著面具的男人的故事，這個面具可以是他的工作、職業。」導演繼續說道，「他也許是一位計程車司機，一位毒販，一個舞男，甚至一個牧師。這個角色多半會圍繞著一個不小的問題，無論是對內或對外。在《算牌手》裡面，威廉泰爾就是這樣自己坐在房間內，戴上了那個面具—職業賭徒，而這位職業賭徒恰好是一個前美國士兵。威廉在這個兩個世界之間掙扎，尋找脫逃的辦法。」 ",https://movies.yahoo.com.tw/i/o/production/movies/August2021/TUldwaUajvCzOGKMtxpR-4075x5817.jpg,https://movies.yahoo.com.tw/video/%E7%AE%97%E7%89%8C%E6%89%8B-%E4%B8%AD%E6%96%87%E9%A0%90%E5%91%8A-045256516.html?movie_id=11480
沙丘,動作，科幻，劇情，,2021-09-16,《沙丘》講述一個神祕又性格強烈的英雄之心路歷程，本片講述保羅亞崔迪的故事，他是一個聰明又富有天賦的年輕人，肩負超越自己理解的偉大天命，且必須遠行至宇宙中最危險的行星，以確保他家人及族人未來的延續。敵對勢力為搶奪唯有此行星才出產的珍貴資源大打出手，而這也是人類最珍視的資源，一種能解鎖人類偉大潛能的物質，唯有能戰勝自己恐懼的人才能存活。本片主要演員包括曾被奧斯卡提名的提摩西夏勒梅（《以你的名字呼喚我》、《她們》）、蕾貝卡弗格森（《安眠醫生》、《不可能的任務：全面瓦解》）、奧斯卡伊薩克（《星際大戰》系列電影）、曾被奧斯卡提名的喬許布洛林（《自由大道》、《復仇者聯盟：無限之戰》）、史戴倫史柯斯嘉（HBO的《核爆家園》、《復仇者聯盟2：奧創紀元》）、戴夫巴帝斯塔（《星際異攻隊》系列、《復仇者聯盟：終局之戰》）、史蒂芬麥金利亨德森（《心靈圍籬》、《淑女鳥》）、千黛亞（《蜘蛛人：返校日》、HBO的《亢奮》）、大衛達斯馬齊連（《銀翼殺手2049》、《黑暗騎士》）、張震（《龍先生》、《臥虎藏龍》）、莎朗鄧肯布魯斯特（《星際大戰外傳：俠盜一號》、Netflix的《性愛自修室》），以及曾被奧斯卡提名的夏綠蒂蘭普琳（《45年》、《刺客教條》），傑森摩莫亞（《水行俠》、HBO的《權力遊戲》），及奧斯卡得主哈維爾巴登（《險路勿近》、《007：空降危機》）。,https://movies.yahoo.com.tw/i/o/production/movies/August2021/eohNrofyoefyoFWzrzYz-1551x2213.jpg,https://movies.yahoo.com.tw/video/%E6%B2%99%E4%B8%98-%E5%B9%95%E5%BE%8C%E8%8A%B1%E7%B5%AE-080135282.html?movie_id=10633
心悸效應,劇情，驚悚，懸疑，,2021-09-10,"不斷回到過去尋找線索，只為緝拿真兇，宛如《蝴蝶效應》遇上《佈局》，腎上腺素飆升直到真相揭曉心跳急遽上升，開啟過去之門！突破傳統類型穿越時空話題作《厲可拍》攝影X《纏繞之蛇》音效剪輯，驚悚懸疑氣氛令人目不轉睛新銳男星葉夫根尼羅曼佐夫獨挑大樑演出帥氣跑者，精壯身材+矯健身手宛如俄版「美國隊長」克里斯伊凡心臟猛跳、時間狂飆，抓到真兇只差一步！一位前程似錦的田徑冠軍跑者謝爾蓋，在一場失速狂飆的車禍意外後失去了女友。失意的他開始把自己隱藏起來，但身邊卻開始發生一連串殺人事件，而證據都顯示嫌疑犯就是他。女警娜西亞承辦此連環殺人案，覺得事有蹊翹，便開始和急欲洗清罪嫌的謝爾蓋合作追查真相。謝爾蓋某次慢跑時意外發現，自己透過跑步讓心跳持續上升超過極限後，竟可以短暫穿越時間回到過去。於是他們利用這個能力，逐漸深入真相，發現背後其實另有真凶，並正在計畫著殺掉更多人…。究竟謝爾蓋有沒有辦法緝拿真兇，為自己脫罪，並成功保護周遭的人呢？《心悸效應》是一部突破傳統類型的穿越時空話題作，有著不斷回到過去尋找線索，只為緝拿真兇的奇幻情節，宛如《蝴蝶效應》遇上《佈局》。賣座恐怖片《厲可拍》導演更退居擔任本片攝影，搭配《纏繞之蛇》、《當愛不見了》音效剪輯，成功營造驚悚懸疑氣氛令人目不轉睛。片中主角們也都很有看頭，飾演正義女警的俄羅斯影后波莉娜瑪克絲莫娃兼具實力與美貌，加上飾演冠軍跑者的潛力男星葉夫根尼羅曼佐夫獨挑大樑演出，挑戰尺度裸露性感精壯身材，讓影迷在注意腎上腺素急飆的故事之餘，視覺感官更加血脈噴張。《心悸效應》是今夏絕無冷場的科幻懸疑奇作，快來感受大銀幕才有的刺激觀影體驗！",https://movies.yahoo.com.tw/i/o/production/movies/August2021/9T9SWzD65dPvw1JyvNfM-757x1080.jpg,https://movies.yahoo.com.tw/video/%E5%BF%83%E6%82%B8%E6%95%88%E6%87%89-%E4%B8%AD%E6%96%87%E9%A0%90%E5%91%8A-131959077.html?movie_id=11473
蝸牛之家,驚悚，懸疑，,2021-09-03,"反轉再反轉！虛實交錯、腦洞大開的燒腦之作寫作生涯遇到瓶頸的作家安東尼奧獨自來到位在深山中的小鎮，在那裡租下一棟豪宅，打算利用這個夏天在此尋找下一部作品的靈感。然而，愈深入這個小鎮，安東尼奧卻愈感覺到事情有些不對勁。鎮上先是遇到瞎眼的婆婆、瘸腳的管家，傳說這個小鎮受到詛咒，世世代代的村民天生缺陷與殘疾。還有戴著神祕面具的小女孩、總是欲言又止的房仲，豪宅似乎隱藏著什麼秘密。夜晚不時傳來的鬼哭狼嚎，讓他的精神瀕臨崩潰，循著聲音而去，卻發現村民們的共同秘密：森林深處的小屋中竟囚著一名智能明顯不足的畸形男子。直到篝火之夜，一樁殘酷的分屍案即將為表面平靜的小鎮，掀起一場腥風血雨。何為現實？何為小說？漸漸地現實與小說之間的界線也愈來愈模糊...【關於電影】西班牙金獎小說改編，打破真實與虛構的界線本片改編自西班牙同名暢銷懸疑小說，結合古老傳說、驚悚、謎團、兇案，以及愛情與成長等元素，燒腦的情節在現實與虛構之間來回交錯，讓觀眾不到最後一刻都難以看清事情的全貌。本片劇本由原作小說家桑德拉加西亞涅托親自改編，將紙上的故事完整搬上大銀幕。西班牙影評更盛讚本片宛如羅曼波蘭斯基遇上史丹利庫柏力克，成功將一名瀕臨崩潰的小說家內心世界具像化呈現。作為女導演瑪卡蕾娜阿斯托加的首部劇情長片，本片卡司也相當亮眼，不僅找來西班牙知名男星哈維爾雷伊飾演主角安東尼奧，更請來西班牙實力派花旦帕姿薇格共同演出。帕姿薇格形容：「《蝸牛之家》不只是一個關於成長的故事，也反映出人心深藏許久的創傷和黑暗面，以及提醒我們認清生而在世，還有很多超出我們能力、理解範圍的事物存在。」男主角哈維爾也坦言，「片中的每個角色幾乎都有著一段不堪的過去，以及企圖隱藏的真相，這是一個非常豐富又能反映真實人性的故事。」疫情下的未知旅程，西班牙解封後首批上映的電影之一本片於西班牙疫情期間拍攝，是首批參照防疫指南拍攝的電影，同時也是西班牙戲院解封後第一波上映的電影之一。劇組每天連續戴著好幾個小時口罩、維持在安全社交距離的情況之下拍攝，男主角哈維爾表示「《蝸牛之家》堪稱在史上最艱難的時刻所完成的。」導演瑪卡蕾娜阿斯托加也坦言，面對未知的疫情，拍攝這部電影的過程就像是在經歷一段未知的旅程，「在疫情期間完成電影，這種感覺就和《蝸牛之家》的主人翁安東尼奧一樣，你永遠不知道等在前方的危機是什麼，只能硬著頭皮往前走。」全片都在導演的家鄉馬拉加拍攝，劇組團隊成員也大多是她從第一部短片作品，便開始合作的夥伴，對於本片得以順利完成、放映，她表示自己實在非常感激。而本片也於馬拉加國際影展首映後，得到高度好評。本片製片團隊更形容：「無庸置疑地，在《蝸牛之家》的問世之後，瑪卡蕾娜阿斯托加將成為西班牙最具指標性的類型片導演之一！」 ",https://movies.yahoo.com.tw/i/o/production/movies/August2021/sX7P4fPcJgetzDJ4suKK-764x1080.jpg,https://movies.yahoo.com.tw/video/%E8%9D%B8%E7%89%9B%E4%B9%8B%E5%AE%B6-%E7%B6%AD%E6%A2%85%E6%B4%9B%E7%AF%87-064907462.html?movie_id=11447
尚氣與十環傳奇,動作，冒險，奇幻，,2021-09-02,漫威電影宇宙再度擴張，全新動作英雄《尚氣與十環傳奇》正式登場，故事敘述尚氣（劉思慕飾演）自幼接受父親文武（梁朝偉飾演）的鐵血戰鬥培訓，精通各種武術招式。長大後為了逃離家鄉，他改名換姓展開新生活，認識了新摯友凱蒂（奧卡菲娜飾演），平靜日子就這樣過了十年，直到過去再度找上門…尚氣能否會發掘十環的無敵力量，無懼擺脫父親的勢力？,https://movies.yahoo.com.tw/i/o/production/movies/August2021/lBQAJAPDw205FNAu2b2Q-1359x1940.jpg,https://movies.yahoo.com.tw/video/%E5%B0%9A%E6%B0%A3%E8%88%87%E5%8D%81%E7%92%B0%E5%82%B3%E5%A5%87-%E6%AD%A6%E8%A1%93%E7%AF%87-021123503.html?movie_id=11374
暫時停止呼吸2,恐怖，驚悚，懸疑，,2021-08-20,地表最強盲人再度回歸，續集發生在獨居盲人諾曼（史蒂芬朗飾演）的家被入侵的幾年後，直到過去犯下的惡行被發現後，有人開始悄悄找上門…,https://movies.yahoo.com.tw/i/o/production/movies/August2021/rqKITYhrkn9Y6kyIFSJJ-2989x4267.jpg,https://movies.yahoo.com.tw/video/%E6%9A%AB%E6%99%82%E5%81%9C%E6%AD%A2%E5%91%BC%E5%90%B82-%E6%9C%80%E6%96%B0%E9%A0%90%E5%91%8A-055204273.html?movie_id=11417
脫稿玩家,動作，喜劇，,2021-08-12,《脫稿玩家》故事描述一個銀行小職員-蓋伊(萊恩雷諾斯)日復一日年復一年做著無聊的工作，過著樸實無華的生活，直到有一天他突然發現自己是一個暴力電玩中可有可無的配角，他想要突破現狀，但這個動作竟讓整個遊戲大變調，除了要挑戰層層關卡，還要拯救世界，更重要的是否能從C咖一躍成A咖呢？,https://movies.yahoo.com.tw/i/o/production/movies/July2021/5rEaoBa3dspWWQS7Y0Rd-757x1080.jpg,https://movies.yahoo.com.tw/video/%E8%84%AB%E7%A8%BF%E7%8E%A9%E5%AE%B6-%E9%80%99%E4%B8%8D%E6%98%AF%E7%B4%84%E6%9C%83%E9%9B%BB%E5%BD%B1%E7%AF%87-085103112.html?movie_id=11445
厲陰宅3：是惡魔逼我的,恐怖，驚悚，懸疑，,2021-07-22,《厲陰宅3：是惡魔逼我的》改編自華倫夫婦的真實檔案，該片揭露了一則集恐怖、謀殺與未知惡魔，令人寒毛直豎的故事，讓即便身為資深超自然現象調查者的艾德和羅琳華倫也感到害怕。在這個他們偵辦過最聳人聽聞的案件中，一開始他們要拯救一名年輕男孩的靈魂，接著他們經歷了前所未見的遭遇，並遇見了全美第一位以惡魔附身做為殺人抗辯理由的謀殺嫌犯。,https://movies.yahoo.com.tw/i/o/production/movies/April2021/66Bvvgn77HwxK16ZLTOG-729x1080.jpg,https://movies.yahoo.com.tw/video/%E5%8E%B2%E9%99%B0%E5%AE%853-%E6%98%AF%E6%83%A1%E9%AD%94%E9%80%BC%E6%88%91%E7%9A%84-%E6%83%A1%E9%9D%88%E9%99%84%E8%BA%AB%E7%AF%87-054230718.html?movie_id=11376
黑寡婦,動作，冒險，,2021-07-14,漫威影業2020年的首部重頭戲，是粉絲請求多時，終於實現的《黑寡婦》個人電影，黑寡婦在漫威電影宇宙中舉足輕重，10多年來參與了7部電影。現在，娜塔莎羅曼諾夫，也就是大家所熟知的黑寡婦，終於踏上個人的旅程，讓粉絲看到她不為人知的一面。故事時間點設定在《美國隊長3:英雄內戰》之後，娜塔莎因為幫助了美國隊長而踏上流亡之路，當她發現一個與過去有關的陰謀時，她必須全球追蹤，回頭面對她神祕的間諜生涯，同時逃過反派「模仿大師」的追殺。,https://movies.yahoo.com.tw/i/o/production/movies/June2021/WK6XHAWkYYNqsEi1gKiH-767x1080.jpg,https://movies.yahoo.com.tw/video/%E9%BB%91%E5%AF%A1%E5%A9%A6-%E6%AD%A3%E5%BC%8F%E9%A0%90%E5%91%8A-030958557.html?movie_id=10397
操控,劇情，驚悚，懸疑，,2021-05-07,《危機倒數》金獎團隊打造最強驚悚鉅作，逆轉結局讓你無法喘息！奧斯卡影帝凱西艾佛列克全新心理驚悚懼作，繼《控制》後又一致命心計遊戲！三大好萊塢實力派巨星同台飆演技，山姆克拉弗林一反深情形象再創演技高峰！ 致命誘惑遊戲，步步陷入險境…一名埋首工作的心理醫生菲利浦（凱西艾佛列克飾），在他的病患跳樓自殺後，生活陷入混亂，職業生涯也面臨挑戰。此時，這名自殺病患的哥哥詹姆士（山姆克拉弗林飾）意外地登門到訪，在一頓善意的晚餐過後，菲利浦卻發覺詹姆士開始與妻子（蜜雪兒摩納漢飾）及女兒（英迪雅艾斯利飾）之間皆展開過從甚密的關係，究竟這一切是他預設好的控制遊戲？還是別有用心的精心佈局…？,https://movies.yahoo.com.tw/i/o/production/movies/April2021/MBiHCoVabjW3kRCkzCaH-756x1080.jpg,https://movies.yahoo.com.tw/video/%E6%93%8D%E6%8E%A7-%E9%A3%9B%E8%BB%8A%E8%BF%BD%E9%80%90%E7%AF%87-151350583.html?movie_id=11352
夢想之地,劇情，,2021-04-23,"榮獲奧斯卡最佳影片等六項大獎提名榮獲2021金球獎最佳外語片日舞影展觀眾票選獎評審團大獎雙料得主榮獲30個影評人協會提名110個獎項榮獲本屆奧斯卡最佳影片、最佳導演、最佳原著劇本、最佳男主角StevenYeun、最佳女配角尹汝貞、最佳原創配樂等六項大獎。一個懷抱美國夢的韓裔家庭，父親雅各一心追求夢想新生活，毅然捨棄大城市的一切搬到遙遠的阿肯色州，打算建造一座屬於自己的農場。不料生活環境與人際關係的劇烈轉變，使得家庭成員無法適應，演變成他和老婆莫妮卡一次次的生活爭端，彼此的感情也逐漸出現裂痕。就在這時，從韓國遠道而來的奶奶搬來與他們同住；嗜賭成性、滿嘴髒話、又不照牌理出牌的奶奶，雖然成為小男孩大衛的惡夢，竟也意外使得瀕臨分裂的家庭，重新回憶起最初懷抱夢想時的模樣，漸漸凝聚起彼此之間的感情。【關於電影】《夢想之地》眾星雲集強勢問鼎奧斯卡韓國「梅莉史翠普」尹汝貞X《冠軍大叔》韓藝璃X《陰屍路》史蒂芬元《夢想之地》集結眾多演員包括以實境節目《尹食堂》、《尹STAY》而廣為人知的實力派大將尹汝貞；因演出《冠軍大叔》等多部電影、電視劇演出而聲名大噪，最近更因韓版《想見你》將選角開拍被網友推薦點名的女星韓藝璃；在美國知名影集《陰屍路》中表現亮眼的史蒂芬元，也曾和李滄東、奉俊昊等大導合作擄獲全球各地粉絲。堪稱韓國「梅莉史翠普」的尹汝貞透露，當初拍攝《夢想之地》時看到通告表嚇一大跳，她開玩笑地對飾演他孫子的童星艾倫金說：「你不知道我在韓國多有名，沒有人敢發我早上九點的通告，還一連拍五天！」但尹汝貞也立刻表示，因為知道自己在好萊塢並不有名，於是仍乖乖接受導演所安排的拍攝通告，也笑稱這是在韓國與美國拍攝經驗最不同的地方。網友點名韓藝璃韓版《想見你》女主角 《夢想之地》獻唱插曲一舉進軍奧斯卡原創歌曲短名單同樣首度進軍好萊塢的韓國女星韓藝璃，自小學習舞蹈的她除了芭蕾舞與現代舞外，更曾專攻韓國傳統舞蹈；近年來也因出演《冠軍大叔》等多部電影、電視劇演出而聲名大噪，更因韓版《想見你》將選角開拍，被網友推薦點名出演女主角。多才多藝的她更獻聲《夢想之地》的插曲《RainSong》而入圍奧斯卡最佳原創歌曲短名單！《夢想之地》奪下2020日舞影展雙料大獎後，便因為疫情進入長時間的封城與隔離生活，許多演員也被迫暫停工作。正好在加拿大籌備新戲的尹汝貞，也自曝追劇清單，像是《異鄉人：古戰場傳奇》以及同獲金球獎提名的《王冠》等；而晉升雙寶爸的史蒂芬元，則誠實說出自己在疫情期間都沒有培養什麼新生活習慣，在家專心陪小孩。《夢想之地》各大影展遍地開花30個影評人協會提名110個獎項《夢想之地》在拍攝完之後就開始在美國各大影展遍地開花，幾乎囊括了30個影評人協會的110個獎項，更一舉榮獲金球獎最佳外語片，以及日舞影展觀眾票選獎與評審團大獎的青睞，現在更朝向世界最重要的奧斯卡獎項邁進！《夢想之地》英文片名取材自韓國的食用植物--水芹，暗喻了移民家庭在異地想要落地生根，他們總是會遭遇如何扎根在新的土地上的種種問題，但是在辛苦的背後，應該就是迎接幸福的未來。導演鄭李爍原本在大學主修生物，沒想到他棄醫投身電影之後，遲遲沒有受到矚目，直到他的《夢想之地》回歸到自己的家族移民半自傳電影，也讓鄭李爍打開了好萊塢世界！甚至讓他最後接下了日本動畫電影《你的名字》的真人電影改編的導演之職。獲布萊德彼特「B計畫」公司青睞打開《夢想之地》的好萊塢之門擔心父親評價鄭李爍詮釋移民的浪漫與理想直呼壓力大《夢想之地》是一個溫柔、富含意趣且能夠喚起記的詩篇，講述一個世代的家庭如何涉險去一個全然未知的地點築夢。《夢想之地》在後製期間與布萊德彼特的「B計畫」公司簽署了合約，也等於是為這部電影吃下了定心丸，但是對鄭李爍來說卻是最艱難的時刻，因為雖然他只是取材了父親當初來到美國的移民故事，卻非常擔心家族對於這部電影無法認同！但是還好鄭李爍父親在看完初剪之後，默默看完之後，說了一句：「是一部好電影！」終於讓他放下心中的一塊大石頭！導演表示：「寫《夢想之地》有一種奮力一搏的感覺，因為當時我正在想，如果我可以在故事背後留下一些什麼給女兒看，那會是什麼東西？」看著這些回憶我在想，這就是我一直想要說的故事。當《夢想之地》劇本完成時，導演向中在《陰屍路》中表現亮眼的韓裔演員史蒂芬元，找上他希望能詮釋出有別於其他人的文化融合故事。但是史蒂芬元坦承說，第一時間並沒有預期自己會喜歡《夢想之地》這個劇本，直到他看完故事後，卻被這個故事單純而真誠的一面印象深刻！他也表示，這次演出的角色讓他備受折磨：「在準備這個角色的過程非常艱辛和恐懼，因為我不確定可以完美詮釋出第一代美國移民的那種浪漫和理想化，很擔心自己是否有能力詮釋自己父親的樣子！」 ",https://movies.yahoo.com.tw/i/o/production/movies/April2021/Ddze1DEAGqVokNjoD2xV-1024x1472.jpg,https://movies.yahoo.com.tw/video/%E5%A4%A2%E6%83%B3%E4%B9%8B%E5%9C%B0-%E4%B8%AD%E6%96%87%E9%A0%90%E5%91%8A-025902723.html?movie_id=11306
聽見歌 再唱,歌舞，音樂，劇情，,2021-04-16,《聽見歌再唱》是以布農族八部合音精神，仔細聆聽別人的歌聲再唱出相對應的聲音為靈感，虛構出一間因少子化面臨癈校危機的山區小學，為了發展教學特色拯救學校前途，由一位看不懂五線譜的體育老師丶一位流浪代課音樂老師和一群五音不全的小屁孩在三個月期間組成合唱團，好贏得全國冠軍，結果卻在慘敗後才發現自己真正的聲音，勇於面對自己的不同，找到自信！【關於電影】《聽見歌再唱》的故事雖是虛構，但許多情節是馬彼得校長的親身經歷。該片是48歳的新鋭導演楊智麟的處女作，他曾於2009年以馬彼得校長為主角的紀錄片唱歌吧！獲得該年金穗獎首獎，引起大眾銀行注意，將該片改編成大眾銀行形象廣告，引起全國矚目。2013年的賣座電影看見台灣結尾馬彼得校長率領原聲童聲合唱團站在玉山頂合唱拍手歌更是感動了千千萬萬的台灣人！ 《聽見歌再唱》獲得馬彼得校長授權改編，並率領原聲童聲合唱團演出片中合合唱歌曲，導演楊智麟希望籍由聼見歌再唱通俗感人的電影內容，將馬彼得校長用掌聲擦亮孩子自信的音樂教育理念傳遞下去！,https://movies.yahoo.com.tw/i/o/production/movies/March2021/Li5ikEWlp63wbE4lLWWb-757x1080.jpg,https://movies.yahoo.com.tw/video/%E8%81%BD%E8%A6%8B%E6%AD%8C-%E5%86%8D%E5%94%B1-%E6%8E%8C%E8%81%B2%E7%AF%87-145458703.html?movie_id=11232
阿達一族,動畫，喜劇，,2019-11-01,詭異無常，稀奇古怪的「阿達一族」在高魔子（奧斯卡艾薩克飾）和魔帝女（莎莉賽隆飾）相愛結婚後，開始尋找新家成立家庭，用獨特的方式教育女兒星期三（克蘿伊摩蕾茲飾）和兒子普斯利（芬恩伍法德飾），當小孩長大準備進入一般的學校唸書，此刻“阿達一族”面臨到世俗的眼光，他們和一般人相處會激盪出什麼樣有趣的事情。,https://movies.tw.campaign.yahoo.net/i/o/production/movies/October2019/r00sIvLJyyPg0FbI4QOD-800x1185.jpg,https://movies.yahoo.com.tw/video/%E9%98%BF%E9%81%94-%E6%97%8F-%E8%90%AC%E8%81%96%E7%AF%80%E7%AF%87-083051561.html?movie_id=9992
蜘蛛人：返校日,動作，冒險，,2017-07-05,"蜘蛛人重回漫威電影宇宙後全新作品!最新電影《蜘蛛人:返校日》將時間軸拉回彼得帕克(湯姆賀蘭德飾演)的高中時光,描述在《美國隊長3:英雄內戰》後,彼得在「心靈導師」鋼鐵人東尼史塔克(小勞勃道尼飾演)的指引下,回到他與梅嬸(瑪麗莎托梅飾演)的溫暖家庭。然而在試圖融入過去平凡生活的同時,一心想證明蜘蛛人不僅是鄰家英雄代表的念頭仍不斷在彼得心裡出現,直到全新反派禿鷹(米高基頓飾演)的強勢現身,才讓他意識到身邊珍惜的事物都將遭受嚴重威脅。",https://s.yimg.com/vu/movies/fp/mpost/66/61/6661.jpg,https://movies.yahoo.com.tw/video/%E8%9C%98%E8%9B%9B%E4%BA%BA-%E8%BF%94%E6%A0%A1%E6%97%A5-%E6%9C%80%E6%96%B0%E5%AE%A3%E5%82%B3%E9%A0%90%E5%91%8A-074258934.html?movie_id=6661
情書,劇情，愛情，,2016-09-09,1996日本奧斯卡最佳影片等三項大獎提名1996藍絲帶獎最佳女主角1995報知電影獎最佳導演、最佳女主角、最佳男配角1996每日電影獎日本優秀電影獎1995電影旬報獎讀者票選最佳影片岩井俊二最美麗的必看愛情經典，在台上映後20週年重返大銀幕！住在神戶的渡邊博子，在未婚夫藤井樹山難身亡三年後的忌日，前往探望樹的母親，並意外發現一本國中畢業紀念冊。博子因無法忘懷對樹的思念，依照當年北海道的舊址寄了一封信，以求得心中的慰藉。沒想到，這封信竟寄到了一位同名同姓的女子手中，而女子還是樹的國中同班同學。兩人開始書信往返，一場追尋「藤井樹」的愛情故事在回憶與思念中娓娓道來…《情書》的靈感來自日本名導鈴木清順1959年的同名短片《LoveLetter》，上映當年台北市締造了3千萬的票房佳績！故事發生在日本以雪景出名的北海道小博，漫天飛舞的大雪也在觀眾心裡留下深刻印象。其中博子來到她丈夫遇難的山上，站在積雪中對山頂放聲大喊：「藤井樹君，你好嗎？我很好！」此一場景是影迷們至今仍津津樂道的經典。而本片於上映後20週年再度問世，除了以數位放映保留懷舊膠片畫質外，更可於大銀幕再度見到當年的文青偶像中山美穗、豐川悅司，以及風靡一時的世代偶像柏原崇、酒井美紀，不禁讓人掉入日劇深植人心的那段美好時光，絕對是懷舊風潮中最值得回味的浪漫經典。,https://s.yimg.com/vu/movies/fp/mpost/64/51/6451.jpg,https://movies.yahoo.com.tw/video/%E6%83%85%E6%9B%B8-%E4%B8%AD%E6%96%87%E9%A0%90%E5%91%8A-115126270.html?movie_id=6451
四百擊,劇情，犯罪，,2003-10-03,安端．達諾（尚皮耶．李奧飾）是個私生子，他與母親和繼父住在巴黎。父母對安端總是忽視甚至帶著排斥。雷內是安端是同班的好朋友。安端的功課不好，老師也視他為問題學生。安端和雷內都很討厭學校，於是二人相約一起蹺課在街上游蕩看電影渡日。沒想到，安端居然在街上驚見他母親與情夫接吻！安端回到學校，隨口撤謊說母親死了做為蹺課的理由。當他的父母來到學校揭穿了他的謊言後，父親氣的給了安端一個耳光！安端生氣又傷心，但害怕受罰，所以留了封信後不敢回家。隔日，母親反而對安端百般討好，並答應只要保守好二人之間約定的“祕密”，便會給安端獎勵。之後，老師又硬說安端自鳴得意的文章是抄來的，安端一氣之下決心不再上學，好朋友雷內便把他藏在自己家中。為了要錢，安端深夜潛入繼父的辦公室偷了一台打字機，卻銷贓不成，只好再把打字機送回辦公室。然而不料此時偏偏碰到巡守的人，當場人贓俱獲。父親知道後氣的把安端送上法庭審判，再送到感化院。感化院內殘暴嚴苛的管教方式讓安端受不了被拘禁的生活。沒想到探望他的母親卻是頻頻責怪他，要他從此不必回家。　　安端在被拋棄的情況下從鐵網的洞鑽出逃離感化院。警哨聲在他身後響著，安端只能拖著愈來愈無力的腳步朝向海邊一直跑一直跑．．．,https://s.yimg.com/vu/movies/fp/mpost/04/46/446.jpg,https://movies.yahoo.com.tw/index.html
夏日之戀,劇情，愛情，,2003-10-03,這是三個人之間互相深愛的故事。　　1912年，巴黎，害羞矮小的德國人朱爾（奧斯卡．華納飾）和高大外向的法國人吉姆（亨瑞．瑟瑞飾）相識而綻放出難分難捨的友誼。他們同是作家，興趣相投，一塊兒分享文學、藝術，甚至是女人！　　在一趟希臘訪友之行中，他們被一尊雕像的迷人微笑給震攝住。他們決定若能找到一個女人也有著同樣的微笑，他們一定要擁有她！　　難以實現的美夢居然成真了！這個謎樣的微笑出現在凱薩琳（珍妮．摩露飾）的身上。朱爾和吉姆都被像精靈般美麗的她所吸引，而三人也一起渡過了許多快樂的時光。一直到朱爾不能再和吉姆分享一切，他想獨自擁有凱薩琳而向她求婚。而凱薩琳也被朱爾的天真和誠心給說服了。　　第一次世界大戰，因征兵而使他們三人分離。幸運的，戰後三人都還活著，朱爾回到凱薩琳和女兒莎賓身邊，他邀請成為報社記者的吉姆來他們住在萊茵河畔的農舍。當吉姆到達時，他注意到朱爾和凱薩琳的婚姻出現裂縫。而此時吉姆對凱薩琳的熱情也再度甦醒！　　朱爾、吉姆、凱薩琳三人，加上吉姆的未婚妻和凱薩琳的情人們，一連串愛情友情的糾葛，一發不可收拾．．．,https://s.yimg.com/vu/movies/fp/mpost/04/47/447.jpg,https://movies.yahoo.com.tw/index.html
